step,agentId,travelStartTime,travelStartPlaceType,travelStartLocationId,travelEndTime,travelEndLocationId,travelEndPlaceType,intendedTravelEndLocationId,intendedTravelEndPlaceType,purpose,checkInTime,checkOutTime,minPeopleAtPlace,maxPeopleAtPlace,moneyBalanceBefore,moneyBalanceAfter,venueGeometry,venueType,eventDetails,participantIds,eventOtherDetails
102,3,2025-07-01T08:05:00.000,AtHome,0,2025-07-01T08:10:00.000,11,AtRestaurant,11,AtRestaurant,Eating,2025-07-01T08:10:00.000,2025-07-01T08:30:00.000,0,0,10604.758660203952,10600.042355868092,POINT (483834.4909161149 4422719.660534676),Restaurant,0,None,None
123,4,2025-07-01T09:45:00.000,AtHome,0,2025-07-01T09:55:00.000,11,AtRestaurant,11,AtRestaurant,Eating,2025-07-01T09:55:00.000,2025-07-01T10:15:00.000,0,0,10516.097789345878,10511.381485010019,POINT (483834.4909161149 4422719.660534676),Restaurant,0,None,None
131,2,2025-07-01T07:55:00.000,AtHome,1,2025-07-01T08:00:00.000,9,AtWork,9,AtWork,Work/Home Commute,2025-07-01T08:00:00.000,2025-07-01T10:55:00.000,0,0,8731.870939519276,9023.537606185942,POINT (486971.8556855318 4422510.6889146175),Workplace,0,None,None
136,2,2025-07-01T10:55:00.000,AtWork,9,2025-07-01T11:00:00.000,11,AtRestaurant,11,AtRestaurant,Eating,2025-07-01T11:00:00.000,2025-07-01T11:20:00.000,0,0,9023.537606185942,9018.821301850083,POINT (483834.4909161149 4422719.660534676),Restaurant,0,None,None
157,1,2025-07-01T07:50:00.000,AtHome,2,2025-07-01T07:55:00.000,9,AtWork,9,AtWork,Work/Home Commute,2025-07-01T07:55:00.000,2025-07-01T13:05:00.000,0,0,8311.037660283746,8827.704326950412,POINT (486971.8556855318 4422510.6889146175),Workplace,0,None,None
157,0,2025-07-01T07:00:00.000,AtHome,3,2025-07-01T07:05:00.000,9,AtWork,9,AtWork,Work/Home Commute,2025-07-01T07:05:00.000,2025-07-01T13:05:00.000,0,0,7870.485493738839,8470.485493738839,POINT (486971.8556855318 4422510.6889146175),Workplace,0,None,None
162,1,2025-07-01T13:05:00.000,AtWork,9,2025-07-01T13:10:00.000,11,AtRestaurant,11,AtRestaurant,Eating,2025-07-01T13:10:00.000,2025-07-01T13:30:00.000,0,0,8827.704326950412,8822.988022614552,POINT (483834.4909161149 4422719.660534676),Restaurant,0,None,None
162,0,2025-07-01T13:05:00.000,AtWork,9,2025-07-01T13:10:00.000,11,AtRestaurant,11,AtRestaurant,Eating,2025-07-01T13:10:00.000,2025-07-01T13:30:00.000,0,0,8470.485493738839,8465.76918940298,POINT (483834.4909161149 4422719.660534676),Restaurant,0,None,None
165,0,2025-07-01T13:30:00.000,AtRestaurant,11,2025-07-01T13:35:00.000,9,AtWork,9,AtWork,Coming Back From Restaurant,2025-07-01T13:35:00.000,2025-07-01T13:45:00.000,0,0,8465.76918940298,8482.435856069646,POINT (486971.8556855318 4422510.6889146175),Workplace,0,None,None
167,0,2025-07-01T13:45:00.000,AtWork,9,2025-07-01T13:50:00.000,3,AtHome,3,AtHome,Work/Home Commute,2025-07-01T13:50:00.000,2025-07-01T13:55:00.000,0,0,8482.435856069646,8482.435856069646,POINT (485547.33905596414 4421526.153604189),Apartment,0,None,None
175,1,2025-07-01T13:30:00.000,AtRestaurant,11,2025-07-01T13:35:00.000,9,AtWork,9,AtWork,Coming Back From Restaurant,2025-07-01T13:35:00.000,2025-07-01T14:35:00.000,0,0,8822.988022614552,8922.988022614552,POINT (486971.8556855318 4422510.6889146175),Workplace,0,None,None
176,2,2025-07-01T11:20:00.000,AtRestaurant,11,2025-07-01T11:25:00.000,9,AtWork,9,AtWork,Coming Back From Restaurant,2025-07-01T11:25:00.000,2025-07-01T14:40:00.000,0,0,9018.821301850083,9343.821301850083,POINT (486971.8556855318 4422510.6889146175),Workplace,0,None,None
177,1,2025-07-01T14:35:00.000,AtWork,9,2025-07-01T14:40:00.000,2,AtHome,2,AtHome,Work/Home Commute,2025-07-01T14:40:00.000,2025-07-01T14:45:00.000,0,0,8922.988022614552,8922.988022614552,POINT (487038.28498915996 4420353.145806744),Apartment,0,None,None
178,2,2025-07-01T14:40:00.000,AtWork,9,2025-07-01T14:45:00.000,1,AtHome,1,AtHome,Work/Home Commute,2025-07-01T14:45:00.000,2025-07-01T14:50:00.000,0,0,9343.821301850083,9343.821301850083,POINT (485057.58590894594 4420442.765882327),Apartment,0,None,None
180,0,2025-07-01T13:55:00.000,AtHome,3,2025-07-01T14:00:00.000,10,AtRecreation,10,AtRecreation,Recreation (Social Gathering),2025-07-01T14:00:00.000,2025-07-01T15:00:00.000,0,0,8482.435856069646,8470.768188941032,POINT (486194.0125563806 4421348.554417097),Pub,0,None,None
182,0,2025-07-01T15:00:00.000,AtRecreation,10,2025-07-01T15:05:00.000,3,AtHome,3,AtHome,Going Back to Home,2025-07-01T15:05:00.000,2025-07-01T15:10:00.000,0,0,8470.768188941032,8470.768188941032,POINT (485547.33905596414 4421526.153604189),Apartment,0,None,None
199,3,2025-07-01T08:30:00.000,AtRestaurant,11,2025-07-01T08:35:00.000,0,AtHome,0,AtHome,Coming Back From Restaurant,2025-07-01T08:35:00.000,2025-07-01T16:35:00.000,0,0,10600.042355868092,10600.042355868092,POINT (483386.13406596635 4420756.4680047715),Apartment,0,None,None
199,0,2025-07-01T15:10:00.000,AtHome,3,2025-07-01T15:15:00.000,10,AtRecreation,10,AtRecreation,Recreation (Social Gathering),2025-07-01T15:15:00.000,2025-07-01T16:35:00.000,0,0,8470.768188941032,8455.211299436214,POINT (486194.0125563806 4421348.554417097),Pub,0,None,None
201,0,2025-07-01T16:35:00.000,AtRecreation,10,2025-07-01T16:40:00.000,3,AtHome,3,AtHome,Going Back to Home,2025-07-01T16:40:00.000,2025-07-01T16:45:00.000,0,0,8455.211299436214,8455.211299436214,POINT (485547.33905596414 4421526.153604189),Apartment,0,None,None
204,3,2025-07-01T16:35:00.000,AtHome,0,2025-07-01T16:40:00.000,11,AtRestaurant,11,AtRestaurant,Eating,2025-07-01T16:40:00.000,2025-07-01T17:00:00.000,0,0,10600.042355868092,10595.326051532233,POINT (483834.4909161149 4422719.660534676),Restaurant,0,None,None
204,2,2025-07-01T14:50:00.000,AtHome,1,2025-07-01T14:55:00.000,10,AtRecreation,10,AtRecreation,Recreation (Social Gathering),2025-07-01T14:55:00.000,2025-07-01T17:00:00.000,0,0,9343.821301850083,9319.513661998804,POINT (486194.0125563806 4421348.554417097),Pub,0,None,None
205,1,2025-07-01T14:45:00.000,AtHome,2,2025-07-01T14:50:00.000,10,AtRecreation,10,AtRecreation,Recreation (Social Gathering),2025-07-01T14:50:00.000,2025-07-01T17:05:00.000,0,0,8922.988022614552,8896.735771575171,POINT (486194.0125563806 4421348.554417097),Pub,0,None,None
206,2,2025-07-01T17:00:00.000,AtRecreation,10,2025-07-01T17:05:00.000,1,AtHome,1,AtHome,Going Back to Home,2025-07-01T17:05:00.000,2025-07-01T17:10:00.000,0,0,9319.513661998804,9319.513661998804,POINT (485057.58590894594 4420442.765882327),Apartment,0,None,None
207,1,2025-07-01T17:05:00.000,AtRecreation,10,2025-07-01T17:10:00.000,2,AtHome,2,AtHome,Going Back to Home,2025-07-01T17:10:00.000,2025-07-01T17:15:00.000,0,0,8896.735771575171,8896.735771575171,POINT (487038.28498915996 4420353.145806744),Apartment,0,None,None
216,0,2025-07-01T16:45:00.000,AtHome,3,2025-07-01T16:50:00.000,10,AtRecreation,10,AtRecreation,Recreation (Social Gathering),2025-07-01T16:50:00.000,2025-07-01T18:00:00.000,0,0,8455.211299436214,8441.599021119499,POINT (486194.0125563806 4421348.554417097),Pub,0,None,None
218,0,2025-07-01T18:00:00.000,AtRecreation,10,2025-07-01T18:05:00.000,3,AtHome,3,AtHome,Going Back to Home,2025-07-01T18:05:00.000,2025-07-01T18:10:00.000,0,0,8441.599021119499,8441.599021119499,POINT (485547.33905596414 4421526.153604189),Apartment,0,None,None
227,1,2025-07-01T17:15:00.000,AtHome,2,2025-07-01T17:20:00.000,10,AtRecreation,10,AtRecreation,Recreation (Social Gathering),2025-07-01T17:20:00.000,2025-07-01T18:55:00.000,0,0,8896.735771575171,8878.2619652882,POINT (486194.0125563806 4421348.554417097),Pub,0,None,None
229,2,2025-07-01T17:10:00.000,AtHome,1,2025-07-01T17:15:00.000,10,AtRecreation,10,AtRecreation,Recreation (Social Gathering),2025-07-01T17:15:00.000,2025-07-01T19:05:00.000,0,0,9319.513661998804,9298.122938929679,POINT (486194.0125563806 4421348.554417097),Pub,0,None,None
231,2,2025-07-01T19:05:00.000,AtRecreation,10,2025-07-01T19:10:00.000,1,AtHome,1,AtHome,Going Back to Home,2025-07-01T19:10:00.000,2025-07-01T19:15:00.000,0,0,9298.122938929679,9298.122938929679,POINT (485057.58590894594 4420442.765882327),Apartment,0,None,None
232,1,2025-07-01T18:55:00.000,AtRecreation,10,2025-07-01T19:00:00.000,11,AtRestaurant,11,AtRestaurant,Eating,2025-07-01T19:00:00.000,2025-07-01T19:20:00.000,0,0,8878.2619652882,8873.54566095234,POINT (483834.4909161149 4422719.660534676),Restaurant,0,None,None
235,0,2025-07-01T18:10:00.000,AtHome,3,2025-07-01T18:15:00.000,10,AtRecreation,10,AtRecreation,Recreation (Social Gathering),2025-07-01T18:15:00.000,2025-07-01T19:35:00.000,0,0,8441.599021119499,8426.04213161468,POINT (486194.0125563806 4421348.554417097),Pub,0,None,None
237,1,2025-07-01T19:20:00.000,AtRestaurant,11,2025-07-01T19:25:00.000,10,AtRecreation,10,AtRecreation,Coming Back From Restaurant,2025-07-01T19:25:00.000,2025-07-01T19:45:00.000,0,0,8873.54566095234,8869.656438576136,POINT (486194.0125563806 4421348.554417097),Pub,0,None,None
237,0,2025-07-01T19:35:00.000,AtRecreation,10,2025-07-01T19:40:00.000,3,AtHome,3,AtHome,Going Back to Home,2025-07-01T19:40:00.000,2025-07-01T19:45:00.000,0,0,8426.04213161468,8426.04213161468,POINT (485547.33905596414 4421526.153604189),Apartment,0,None,None
239,1,2025-07-01T19:45:00.000,AtRecreation,10,2025-07-01T19:50:00.000,2,AtHome,2,AtHome,Going Back to Home,2025-07-01T19:50:00.000,2025-07-01T19:55:00.000,0,0,8869.656438576136,8869.656438576136,POINT (487038.28498915996 4420353.145806744),Apartment,0,None,None
240,4,2025-07-01T10:15:00.000,AtRestaurant,11,2025-07-01T10:25:00.000,0,AtHome,0,AtHome,Coming Back From Restaurant,2025-07-01T10:25:00.000,2025-07-01T20:00:00.000,0,0,10511.381485010019,10511.381485010019,POINT (483427.58001767774 4420738.353228444),Apartment,0,None,None
243,0,2025-07-01T19:45:00.000,AtHome,3,2025-07-01T19:55:00.000,11,AtRestaurant,11,AtRestaurant,Eating,2025-07-01T19:55:00.000,2025-07-01T20:15:00.000,0,0,8426.04213161468,8421.32582727882,POINT (483834.4909161149 4422719.660534676),Restaurant,0,None,None
245,2,2025-07-01T19:15:00.000,AtHome,1,2025-07-01T19:20:00.000,10,AtRecreation,10,AtRecreation,Recreation (Social Gathering),2025-07-01T19:20:00.000,2025-07-01T20:25:00.000,0,0,9298.122938929679,9285.482966207013,POINT (486194.0125563806 4421348.554417097),Pub,0,None,None
246,4,2025-07-01T20:00:00.000,AtHome,0,2025-07-01T20:10:00.000,11,AtRestaurant,11,AtRestaurant,Eating,2025-07-01T20:10:00.000,2025-07-01T20:30:00.000,0,0,10511.381485010019,10506.66518067416,POINT (483834.4909161149 4422719.660534676),Restaurant,0,None,None
246,0,2025-07-01T20:15:00.000,AtRestaurant,11,2025-07-01T20:25:00.000,3,AtHome,3,AtHome,Coming Back From Restaurant,2025-07-01T20:25:00.000,2025-07-01T20:30:00.000,0,0,8421.32582727882,8421.32582727882,POINT (485547.33905596414 4421526.153604189),Apartment,0,None,None
247,2,2025-07-01T20:25:00.000,AtRecreation,10,2025-07-01T20:30:00.000,1,AtHome,1,AtHome,Going Back to Home,2025-07-01T20:30:00.000,2025-07-01T20:35:00.000,0,0,9285.482966207013,9285.482966207013,POINT (485057.58590894594 4420442.765882327),Apartment,0,None,None
263,1,2025-07-01T19:55:00.000,AtHome,2,2025-07-01T20:00:00.000,10,AtRecreation,10,AtRecreation,Recreation (Social Gathering),2025-07-01T20:00:00.000,2025-07-01T21:55:00.000,0,0,8869.656438576136,8847.29340991296,POINT (486194.0125563806 4421348.554417097),Pub,0,None,None
265,1,2025-07-01T21:55:00.000,AtRecreation,10,2025-07-01T22:00:00.000,2,AtHome,2,AtHome,Going Back to Home,2025-07-01T22:00:00.000,2025-07-01T22:05:00.000,0,0,8847.29340991296,8847.29340991296,POINT (487038.28498915996 4420353.145806744),Apartment,0,None,None
267,0,2025-07-01T20:30:00.000,AtHome,3,2025-07-01T20:35:00.000,10,AtRecreation,10,AtRecreation,Recreation (Social Gathering),2025-07-01T20:35:00.000,2025-07-01T22:15:00.000,0,0,8421.32582727882,8401.879715397798,POINT (486194.0125563806 4421348.554417097),Pub,0,None,None
267,2,2025-07-01T20:35:00.000,AtHome,1,2025-07-01T20:40:00.000,10,AtRecreation,10,AtRecreation,Recreation (Social Gathering),2025-07-01T20:40:00.000,2025-07-01T22:15:00.000,0,0,9285.482966207013,9267.009159920042,POINT (486194.0125563806 4421348.554417097),Pub,0,None,None
269,0,2025-07-01T22:15:00.000,AtRecreation,10,2025-07-01T22:20:00.000,3,AtHome,3,AtHome,Going Back to Home,2025-07-01T22:20:00.000,2025-07-01T22:25:00.000,0,0,8401.879715397798,8401.879715397798,POINT (485547.33905596414 4421526.153604189),Apartment,0,None,None
272,2,2025-07-01T22:15:00.000,AtRecreation,10,2025-07-01T22:20:00.000,11,AtRestaurant,11,AtRestaurant,Eating,2025-07-01T22:20:00.000,2025-07-01T22:40:00.000,0,0,9267.009159920042,9262.292855584183,POINT (483834.4909161149 4422719.660534676),Restaurant,0,None,None
277,2,2025-07-01T22:40:00.000,AtRestaurant,11,2025-07-01T22:45:00.000,10,AtRecreation,10,AtRecreation,Coming Back From Restaurant,2025-07-01T22:45:00.000,2025-07-01T23:05:00.000,0,0,9262.292855584183,9258.403633207978,POINT (486194.0125563806 4421348.554417097),Pub,0,None,None
277,1,2025-07-01T22:05:00.000,AtHome,2,2025-07-01T22:10:00.000,10,AtRecreation,10,AtRecreation,Recreation (Social Gathering),2025-07-01T22:10:00.000,2025-07-01T23:05:00.000,0,0,8847.29340991296,8836.598048378397,POINT (486194.0125563806 4421348.554417097),Pub,0,None,None
279,2,2025-07-01T23:05:00.000,AtRecreation,10,2025-07-01T23:10:00.000,1,AtHome,1,AtHome,Going Back to Home,2025-07-01T23:10:00.000,2025-07-01T23:15:00.000,0,0,9258.403633207978,9258.403633207978,POINT (485057.58590894594 4420442.765882327),Apartment,0,None,None
281,2,2025-07-01T23:15:00.000,AtHome,1,2025-07-01T23:20:00.000,10,AtRecreation,10,AtRecreation,Recreation (Social Gathering),2025-07-01T23:20:00.000,2025-07-01T23:25:00.000,0,0,9258.403633207978,9257.431327613927,POINT (486194.0125563806 4421348.554417097),Pub,0,None,None
284,0,2025-07-01T22:25:00.000,AtHome,3,2025-07-01T22:30:00.000,10,AtRecreation,10,AtRecreation,Recreation (Social Gathering),2025-07-01T22:30:00.000,2025-07-01T23:40:00.000,0,0,8401.879715397798,8388.267437081082,POINT (486194.0125563806 4421348.554417097),Pub,0,None,None
372,0,2025-07-01T23:40:00.000,AtRecreation,10,2025-07-01T23:45:00.000,3,AtHome,3,AtHome,Going Back to Home,2025-07-01T23:45:00.000,2025-07-02T07:00:00.000,0,0,8388.267437081082,8384.267437081082,POINT (485547.33905596414 4421526.153604189),Apartment,0,None,None
382,1,2025-07-01T23:05:00.000,AtRecreation,10,2025-07-01T23:10:00.000,2,AtHome,2,AtHome,Going Back to Home,2025-07-01T23:10:00.000,2025-07-02T07:50:00.000,0,0,8836.598048378397,8832.598048378397,POINT (487038.28498915996 4420353.145806744),Apartment,0,None,None
383,4,2025-07-01T20:30:00.000,AtRestaurant,11,2025-07-01T20:40:00.000,0,AtHome,0,AtHome,Coming Back From Restaurant,2025-07-01T20:40:00.000,2025-07-02T07:55:00.000,0,0,10506.66518067416,10506.66518067416,POINT (483427.58001767774 4420738.353228444),Apartment,0,None,None
383,2,2025-07-01T23:25:00.000,AtRecreation,10,2025-07-01T23:30:00.000,1,AtHome,1,AtHome,Going Back to Home,2025-07-01T23:30:00.000,2025-07-02T07:55:00.000,0,0,9257.431327613927,9257.431327613927,POINT (485057.58590894594 4420442.765882327),Apartment,0,None,None
384,3,2025-07-01T17:00:00.000,AtRestaurant,11,2025-07-01T17:05:00.000,0,AtHome,0,AtHome,Coming Back From Restaurant,2025-07-01T17:05:00.000,2025-07-02T08:00:00.000,0,0,10595.326051532233,10595.326051532233,POINT (483386.13406596635 4420756.4680047715),Apartment,0,None,None
389,4,2025-07-02T07:55:00.000,AtHome,0,2025-07-02T08:05:00.000,11,AtRestaurant,11,AtRestaurant,Eating,2025-07-02T08:05:00.000,2025-07-02T08:25:00.000,0,0,10506.66518067416,10501.9488763383,POINT (483834.4909161149 4422719.660534676),Restaurant,0,None,None
389,3,2025-07-02T08:00:00.000,AtHome,0,2025-07-02T08:05:00.000,11,AtRestaurant,11,AtRestaurant,Eating,2025-07-02T08:05:00.000,2025-07-02T08:25:00.000,0,0,10595.326051532233,10590.609747196373,POINT (483834.4909161149 4422719.660534676),Restaurant,0,None,None
403,2,2025-07-02T07:55:00.000,AtHome,1,2025-07-02T08:00:00.000,9,AtWork,9,AtWork,Work/Home Commute,2025-07-02T08:00:00.000,2025-07-02T09:35:00.000,0,0,9257.431327613927,9415.764660947261,POINT (486971.8556855318 4422510.6889146175),Workplace,0,None,None
408,2,2025-07-02T09:35:00.000,AtWork,9,2025-07-02T09:40:00.000,11,AtRestaurant,11,AtRestaurant,Eating,2025-07-02T09:40:00.000,2025-07-02T10:00:00.000,0,0,9415.764660947261,9411.048356611402,POINT (483834.4909161149 4422719.660534676),Restaurant,0,None,None
445,0,2025-07-02T07:00:00.000,AtHome,3,2025-07-02T07:05:00.000,9,AtWork,9,AtWork,Work/Home Commute,2025-07-02T07:05:00.000,2025-07-02T13:05:00.000,0,0,8384.267437081082,8984.267437081082,POINT (486971.8556855318 4422510.6889146175),Workplace,0,None,None
445,1,2025-07-02T07:50:00.000,AtHome,2,2025-07-02T07:55:00.000,9,AtWork,9,AtWork,Work/Home Commute,2025-07-02T07:55:00.000,2025-07-02T13:05:00.000,0,0,8832.598048378397,9349.264715045063,POINT (486971.8556855318 4422510.6889146175),Workplace,0,None,None
450,1,2025-07-02T13:05:00.000,AtWork,9,2025-07-02T13:10:00.000,11,AtRestaurant,11,AtRestaurant,Eating,2025-07-02T13:10:00.000,2025-07-02T13:30:00.000,0,0,9349.264715045063,9344.548410709203,POINT (483834.4909161149 4422719.660534676),Restaurant,0,None,None
450,0,2025-07-02T13:05:00.000,AtWork,9,2025-07-02T13:10:00.000,11,AtRestaurant,11,AtRestaurant,Eating,2025-07-02T13:10:00.000,2025-07-02T13:30:00.000,0,0,8984.267437081082,8979.551132745222,POINT (483834.4909161149 4422719.660534676),Restaurant,0,None,None
453,0,2025-07-02T13:30:00.000,AtRestaurant,11,2025-07-02T13:35:00.000,9,AtWork,9,AtWork,Coming Back From Restaurant,2025-07-02T13:35:00.000,2025-07-02T13:45:00.000,0,0,8979.551132745222,8996.217799411888,POINT (486971.8556855318 4422510.6889146175),Workplace,0,None,None
455,0,2025-07-02T13:45:00.000,AtWork,9,2025-07-02T13:50:00.000,3,AtHome,3,AtHome,Work/Home Commute,2025-07-02T13:50:00.000,2025-07-02T13:55:00.000,0,0,8996.217799411888,8996.217799411888,POINT (485547.33905596414 4421526.153604189),Apartment,0,None,None
463,1,2025-07-02T13:30:00.000,AtRestaurant,11,2025-07-02T13:35:00.000,9,AtWork,9,AtWork,Coming Back From Restaurant,2025-07-02T13:35:00.000,2025-07-02T14:35:00.000,0,0,9344.548410709203,9444.548410709203,POINT (486971.8556855318 4422510.6889146175),Workplace,0,None,None
464,2,2025-07-02T10:00:00.000,AtRestaurant,11,2025-07-02T10:05:00.000,9,AtWork,9,AtWork,Coming Back From Restaurant,2025-07-02T10:05:00.000,2025-07-02T14:40:00.000,0,0,9411.048356611402,9869.381689944736,POINT (486971.8556855318 4422510.6889146175),Workplace,0,None,None
465,1,2025-07-02T14:35:00.000,AtWork,9,2025-07-02T14:40:00.000,2,AtHome,2,AtHome,Work/Home Commute,2025-07-02T14:40:00.000,2025-07-02T14:45:00.000,0,0,9444.548410709203,9444.548410709203,POINT (487038.28498915996 4420353.145806744),Apartment,0,None,None
486,3,2025-07-02T08:25:00.000,AtRestaurant,11,2025-07-02T08:30:00.000,0,AtHome,0,AtHome,Coming Back From Restaurant,2025-07-02T08:30:00.000,2025-07-02T16:30:00.000,0,0,10590.609747196373,10590.609747196373,POINT (483386.13406596635 4420756.4680047715),Apartment,0,None,None
486,0,2025-07-02T13:55:00.000,AtHome,3,2025-07-02T14:00:00.000,10,AtRecreation,10,AtRecreation,Recreation (Social Gathering),2025-07-02T14:00:00.000,2025-07-02T16:30:00.000,0,0,8996.217799411888,8967.048631590354,POINT (486194.0125563806 4421348.554417097),Pub,0,None,None
488,0,2025-07-02T16:30:00.000,AtRecreation,10,2025-07-02T16:35:00.000,3,AtHome,3,AtHome,Going Back to Home,2025-07-02T16:35:00.000,2025-07-02T16:40:00.000,0,0,8967.048631590354,8967.048631590354,POINT (485547.33905596414 4421526.153604189),Apartment,0,None,None
491,3,2025-07-02T16:30:00.000,AtHome,0,2025-07-02T16:35:00.000,11,AtRestaurant,11,AtRestaurant,Eating,2025-07-02T16:35:00.000,2025-07-02T16:55:00.000,0,0,10590.609747196373,10585.893442860513,POINT (483834.4909161149 4422719.660534676),Restaurant,0,None,None
494,1,2025-07-02T14:45:00.000,AtHome,2,2025-07-02T14:50:00.000,10,AtRecreation,10,AtRecreation,Recreation (Social Gathering),2025-07-02T14:50:00.000,2025-07-02T17:10:00.000,0,0,9444.548410709203,9417.323854075772,POINT (486194.0125563806 4421348.554417097),Pub,0,None,None
496,1,2025-07-02T17:10:00.000,AtRecreation,10,2025-07-02T17:15:00.000,2,AtHome,2,AtHome,Going Back to Home,2025-07-02T17:15:00.000,2025-07-02T17:20:00.000,0,0,9417.323854075772,9417.323854075772,POINT (487038.28498915996 4420353.145806744),Apartment,0,None,None
506,4,2025-07-02T08:25:00.000,AtRestaurant,11,2025-07-02T08:35:00.000,0,AtHome,0,AtHome,Coming Back From Restaurant,2025-07-02T08:35:00.000,2025-07-02T18:10:00.000,0,0,10501.9488763383,10501.9488763383,POINT (483427.58001767774 4420738.353228444),Apartment,0,None,None
512,4,2025-07-02T18:10:00.000,AtHome,0,2025-07-02T18:20:00.000,11,AtRestaurant,11,AtRestaurant,Eating,2025-07-02T18:20:00.000,2025-07-02T18:40:00.000,0,0,10501.9488763383,10497.23257200244,POINT (483834.4909161149 4422719.660534676),Restaurant,0,None,None
513,0,2025-07-02T16:40:00.000,AtHome,3,2025-07-02T16:45:00.000,10,AtRecreation,10,AtRecreation,Recreation (Social Gathering),2025-07-02T16:45:00.000,2025-07-02T18:45:00.000,0,0,8967.048631590354,8943.713297333128,POINT (486194.0125563806 4421348.554417097),Pub,0,None,None
515,1,2025-07-02T17:20:00.000,AtHome,2,2025-07-02T17:25:00.000,10,AtRecreation,10,AtRecreation,Recreation (Social Gathering),2025-07-02T17:25:00.000,2025-07-02T18:55:00.000,0,0,9417.323854075772,9399.822353382851,POINT (486194.0125563806 4421348.554417097),Pub,0,None,None
515,0,2025-07-02T18:45:00.000,AtRecreation,10,2025-07-02T18:50:00.000,3,AtHome,3,AtHome,Going Back to Home,2025-07-02T18:50:00.000,2025-07-02T18:55:00.000,0,0,8943.713297333128,8943.713297333128,POINT (485547.33905596414 4421526.153604189),Apartment,0,None,None
520,1,2025-07-02T18:55:00.000,AtRecreation,10,2025-07-02T19:00:00.000,11,AtRestaurant,11,AtRestaurant,Eating,2025-07-02T19:00:00.000,2025-07-02T19:20:00.000,0,0,9399.822353382851,9395.106049046992,POINT (483834.4909161149 4422719.660534676),Restaurant,0,None,None
525,0,2025-07-02T18:55:00.000,AtHome,3,2025-07-02T19:00:00.000,10,AtRecreation,10,AtRecreation,Recreation (Social Gathering),2025-07-02T19:00:00.000,2025-07-02T19:45:00.000,0,0,8943.713297333128,8934.962546986668,POINT (486194.0125563806 4421348.554417097),Pub,0,None,None
525,1,2025-07-02T19:20:00.000,AtRestaurant,11,2025-07-02T19:25:00.000,10,AtRecreation,10,AtRecreation,Coming Back From Restaurant,2025-07-02T19:25:00.000,2025-07-02T19:45:00.000,0,0,9395.106049046992,9391.216826670787,POINT (486194.0125563806 4421348.554417097),Pub,0,None,None
527,1,2025-07-02T19:45:00.000,AtRecreation,10,2025-07-02T19:50:00.000,2,AtHome,2,AtHome,Going Back to Home,2025-07-02T19:50:00.000,2025-07-02T19:55:00.000,0,0,9391.216826670787,9391.216826670787,POINT (487038.28498915996 4420353.145806744),Apartment,0,None,None
530,0,2025-07-02T19:45:00.000,AtRecreation,10,2025-07-02T19:50:00.000,11,AtRestaurant,11,AtRestaurant,Eating,2025-07-02T19:50:00.000,2025-07-02T20:10:00.000,0,0,8934.962546986668,8930.246242650808,POINT (483834.4909161149 4422719.660534676),Restaurant,0,None,None
535,0,2025-07-02T20:10:00.000,AtRestaurant,11,2025-07-02T20:15:00.000,10,AtRecreation,10,AtRecreation,Coming Back From Restaurant,2025-07-02T20:15:00.000,2025-07-02T20:35:00.000,0,0,8930.246242650808,8926.357020274603,POINT (486194.0125563806 4421348.554417097),Pub,0,None,None
537,0,2025-07-02T20:35:00.000,AtRecreation,10,2025-07-02T20:40:00.000,3,AtHome,3,AtHome,Going Back to Home,2025-07-02T20:40:00.000,2025-07-02T20:45:00.000,0,0,8926.357020274603,8926.357020274603,POINT (485547.33905596414 4421526.153604189),Apartment,0,None,None
541,1,2025-07-02T19:55:00.000,AtHome,2,2025-07-02T20:00:00.000,10,AtRecreation,10,AtRecreation,Recreation (Social Gathering),2025-07-02T20:00:00.000,2025-07-02T21:05:00.000,0,0,9391.216826670787,9378.576853948121,POINT (486194.0125563806 4421348.554417097),Pub,0,None,None
543,1,2025-07-02T21:05:00.000,AtRecreation,10,2025-07-02T21:10:00.000,2,AtHome,2,AtHome,Going Back to Home,2025-07-02T21:10:00.000,2025-07-02T21:15:00.000,0,0,9378.576853948121,9378.576853948121,POINT (487038.28498915996 4420353.145806744),Apartment,0,None,None
564,1,2025-07-02T21:15:00.000,AtHome,2,2025-07-02T21:20:00.000,10,AtRecreation,10,AtRecreation,Recreation (Social Gathering),2025-07-02T21:20:00.000,2025-07-02T23:00:00.000,0,0,9378.576853948121,9359.130742067098,POINT (486194.0125563806 4421348.554417097),Pub,0,None,None
565,0,2025-07-02T20:45:00.000,AtHome,3,2025-07-02T20:50:00.000,10,AtRecreation,10,AtRecreation,Recreation (Social Gathering),2025-07-02T20:50:00.000,2025-07-02T23:05:00.000,0,0,8926.357020274603,8900.104769235222,POINT (486194.0125563806 4421348.554417097),Pub,0,None,None
567,0,2025-07-02T23:05:00.000,AtRecreation,10,2025-07-02T23:10:00.000,3,AtHome,3,AtHome,Going Back to Home,2025-07-02T23:10:00.000,2025-07-02T23:15:00.000,0,0,8900.104769235222,8900.104769235222,POINT (485547.33905596414 4421526.153604189),Apartment,0,None,None
572,0,2025-07-02T23:15:00.000,AtHome,3,2025-07-02T23:20:00.000,10,AtRecreation,10,AtRecreation,Recreation (Social Gathering),2025-07-02T23:20:00.000,2025-07-02T23:40:00.000,0,0,8900.104769235222,8896.215546859017,POINT (486194.0125563806 4421348.554417097),Pub,0,None,None
660,0,2025-07-02T23:40:00.000,AtRecreation,10,2025-07-02T23:45:00.000,3,AtHome,3,AtHome,Going Back to Home,2025-07-02T23:45:00.000,2025-07-03T07:00:00.000,0,0,8896.215546859017,8892.215546859017,POINT (485547.33905596414 4421526.153604189),Apartment,0,None,None
670,1,2025-07-02T23:00:00.000,AtRecreation,10,2025-07-02T23:05:00.000,2,AtHome,2,AtHome,Going Back to Home,2025-07-02T23:05:00.000,2025-07-03T07:50:00.000,0,0,9359.130742067098,9355.130742067098,POINT (487038.28498915996 4420353.145806744),Apartment,0,None,None
671,2,2025-07-02T14:40:00.000,AtWork,9,2025-07-02T14:45:00.000,1,AtHome,1,AtHome,Work/Home Commute,2025-07-02T14:45:00.000,2025-07-03T07:55:00.000,0,0,9869.381689944736,9861.381689944736,POINT (485057.58590894594 4420442.765882327),Apartment,0,None,None
671,4,2025-07-02T18:40:00.000,AtRestaurant,11,2025-07-02T18:50:00.000,0,AtHome,0,AtHome,Coming Back From Restaurant,2025-07-02T18:50:00.000,2025-07-03T07:55:00.000,0,0,10497.23257200244,10497.23257200244,POINT (483427.58001767774 4420738.353228444),Apartment,0,None,None
672,3,2025-07-02T16:55:00.000,AtRestaurant,11,2025-07-02T17:00:00.000,0,AtHome,0,AtHome,Coming Back From Restaurant,2025-07-02T17:00:00.000,2025-07-03T08:00:00.000,0,0,10585.893442860513,10585.893442860513,POINT (483386.13406596635 4420756.4680047715),Apartment,0,None,None
677,4,2025-07-03T07:55:00.000,AtHome,0,2025-07-03T08:05:00.000,11,AtRestaurant,11,AtRestaurant,Eating,2025-07-03T08:05:00.000,2025-07-03T08:25:00.000,0,0,10497.23257200244,10492.51626766658,POINT (483834.4909161149 4422719.660534676),Restaurant,0,None,None
677,3,2025-07-03T08:00:00.000,AtHome,0,2025-07-03T08:05:00.000,11,AtRestaurant,11,AtRestaurant,Eating,2025-07-03T08:05:00.000,2025-07-03T08:25:00.000,0,0,10585.893442860513,10581.177138524654,POINT (483834.4909161149 4422719.660534676),Restaurant,0,None,None
733,1,2025-07-03T07:50:00.000,AtHome,2,2025-07-03T07:55:00.000,9,AtWork,9,AtWork,Work/Home Commute,2025-07-03T07:55:00.000,2025-07-03T13:05:00.000,0,0,9355.130742067098,9871.797408733764,POINT (486971.8556855318 4422510.6889146175),Workplace,0,None,None
733,0,2025-07-03T07:00:00.000,AtHome,3,2025-07-03T07:05:00.000,9,AtWork,9,AtWork,Work/Home Commute,2025-07-03T07:05:00.000,2025-07-03T13:05:00.000,0,0,8892.215546859017,9492.215546859017,POINT (486971.8556855318 4422510.6889146175),Workplace,0,None,None
738,0,2025-07-03T13:05:00.000,AtWork,9,2025-07-03T13:10:00.000,11,AtRestaurant,11,AtRestaurant,Eating,2025-07-03T13:10:00.000,2025-07-03T13:30:00.000,0,0,9492.215546859017,9487.499242523158,POINT (483834.4909161149 4422719.660534676),Restaurant,0,None,None
738,1,2025-07-03T13:05:00.000,AtWork,9,2025-07-03T13:10:00.000,11,AtRestaurant,11,AtRestaurant,Eating,2025-07-03T13:10:00.000,2025-07-03T13:30:00.000,0,0,9871.797408733764,9867.081104397905,POINT (483834.4909161149 4422719.660534676),Restaurant,0,None,None
741,0,2025-07-03T13:30:00.000,AtRestaurant,11,2025-07-03T13:35:00.000,9,AtWork,9,AtWork,Coming Back From Restaurant,2025-07-03T13:35:00.000,2025-07-03T13:45:00.000,0,0,9487.499242523158,9504.165909189824,POINT (486971.8556855318 4422510.6889146175),Workplace,0,None,None
743,0,2025-07-03T13:45:00.000,AtWork,9,2025-07-03T13:50:00.000,3,AtHome,3,AtHome,Work/Home Commute,2025-07-03T13:50:00.000,2025-07-03T13:55:00.000,0,0,9504.165909189824,9504.165909189824,POINT (485547.33905596414 4421526.153604189),Apartment,0,None,None
744,2,2025-07-03T07:55:00.000,AtHome,1,2025-07-03T08:00:00.000,9,AtWork,9,AtWork,Work/Home Commute,2025-07-03T08:00:00.000,2025-07-03T14:00:00.000,0,0,9861.381689944736,10461.381689944736,POINT (486971.8556855318 4422510.6889146175),Workplace,0,None,None
751,1,2025-07-03T13:30:00.000,AtRestaurant,11,2025-07-03T13:35:00.000,9,AtWork,9,AtWork,Coming Back From Restaurant,2025-07-03T13:35:00.000,2025-07-03T14:35:00.000,0,0,9867.081104397905,9967.081104397905,POINT (486971.8556855318 4422510.6889146175),Workplace,0,None,None
753,1,2025-07-03T14:35:00.000,AtWork,9,2025-07-03T14:40:00.000,2,AtHome,2,AtHome,Work/Home Commute,2025-07-03T14:40:00.000,2025-07-03T14:45:00.000,0,0,9967.081104397905,9967.081104397905,POINT (487038.28498915996 4420353.145806744),Apartment,0,None,None
766,0,2025-07-03T13:55:00.000,AtHome,3,2025-07-03T14:00:00.000,10,AtRecreation,10,AtRecreation,Recreation (Social Gathering),2025-07-03T14:00:00.000,2025-07-03T15:50:00.000,0,0,9504.165909189824,9482.775186120698,POINT (486194.0125563806 4421348.554417097),Pub,0,None,None
768,0,2025-07-03T15:50:00.000,AtRecreation,10,2025-07-03T15:55:00.000,3,AtHome,3,AtHome,Going Back to Home,2025-07-03T15:55:00.000,2025-07-03T16:00:00.000,0,0,9482.775186120698,9482.775186120698,POINT (485547.33905596414 4421526.153604189),Apartment,0,None,None
774,3,2025-07-03T08:25:00.000,AtRestaurant,11,2025-07-03T08:30:00.000,0,AtHome,0,AtHome,Coming Back From Restaurant,2025-07-03T08:30:00.000,2025-07-03T16:30:00.000,0,0,10581.177138524654,10581.177138524654,POINT (483386.13406596635 4420756.4680047715),Apartment,0,None,None
779,3,2025-07-03T16:30:00.000,AtHome,0,2025-07-03T16:35:00.000,11,AtRestaurant,11,AtRestaurant,Eating,2025-07-03T16:35:00.000,2025-07-03T16:55:00.000,0,0,10581.177138524654,10576.460834188794,POINT (483834.4909161149 4422719.660534676),Restaurant,0,None,None
782,1,2025-07-03T14:45:00.000,AtHome,2,2025-07-03T14:50:00.000,10,AtRecreation,10,AtRecreation,Recreation (Social Gathering),2025-07-03T14:50:00.000,2025-07-03T17:10:00.000,0,0,9967.081104397905,9939.856547764473,POINT (486194.0125563806 4421348.554417097),Pub,0,None,None
784,1,2025-07-03T17:10:00.000,AtRecreation,10,2025-07-03T17:15:00.000,2,AtHome,2,AtHome,Going Back to Home,2025-07-03T17:15:00.000,2025-07-03T17:20:00.000,0,0,9939.856547764473,9939.856547764473,POINT (487038.28498915996 4420353.145806744),Apartment,0,None,None
794,4,2025-07-03T08:25:00.000,AtRestaurant,11,2025-07-03T08:35:00.000,0,AtHome,0,AtHome,Coming Back From Restaurant,2025-07-03T08:35:00.000,2025-07-03T18:10:00.000,0,0,10492.51626766658,10492.51626766658,POINT (483427.58001767774 4420738.353228444),Apartment,0,None,None
796,0,2025-07-03T16:00:00.000,AtHome,3,2025-07-03T16:05:00.000,10,AtRecreation,10,AtRecreation,Recreation (Social Gathering),2025-07-03T16:05:00.000,2025-07-03T18:20:00.000,0,0,9482.775186120698,9456.522935081317,POINT (486194.0125563806 4421348.554417097),Pub,0,None,None
798,0,2025-07-03T18:20:00.000,AtRecreation,10,2025-07-03T18:25:00.000,3,AtHome,3,AtHome,Going Back to Home,2025-07-03T18:25:00.000,2025-07-03T18:30:00.000,0,0,9456.522935081317,9456.522935081317,POINT (485547.33905596414 4421526.153604189),Apartment,0,None,None
800,4,2025-07-03T18:10:00.000,AtHome,0,2025-07-03T18:20:00.000,11,AtRestaurant,11,AtRestaurant,Eating,2025-07-03T18:20:00.000,2025-07-03T18:40:00.000,0,0,10492.51626766658,10487.79996333072,POINT (483834.4909161149 4422719.660534676),Restaurant,0,None,None
803,1,2025-07-03T17:20:00.000,AtHome,2,2025-07-03T17:25:00.000,10,AtRecreation,10,AtRecreation,Recreation (Social Gathering),2025-07-03T17:25:00.000,2025-07-03T18:55:00.000,0,0,9939.856547764473,9922.355047071553,POINT (486194.0125563806 4421348.554417097),Pub,0,None,None
808,1,2025-07-03T18:55:00.000,AtRecreation,10,2025-07-03T19:00:00.000,11,AtRestaurant,11,AtRestaurant,Eating,2025-07-03T19:00:00.000,2025-07-03T19:20:00.000,0,0,9922.355047071553,9917.638742735693,POINT (483834.4909161149 4422719.660534676),Restaurant,0,None,None
813,0,2025-07-03T18:30:00.000,AtHome,3,2025-07-03T18:35:00.000,10,AtRecreation,10,AtRecreation,Recreation (Social Gathering),2025-07-03T18:35:00.000,2025-07-03T19:45:00.000,0,0,9456.522935081317,9442.910656764601,POINT (486194.0125563806 4421348.554417097),Pub,0,None,None
813,1,2025-07-03T19:20:00.000,AtRestaurant,11,2025-07-03T19:25:00.000,10,AtRecreation,10,AtRecreation,Coming Back From Restaurant,2025-07-03T19:25:00.000,2025-07-03T19:45:00.000,0,0,9917.638742735693,9913.749520359488,POINT (486194.0125563806 4421348.554417097),Pub,0,None,None
815,1,2025-07-03T19:45:00.000,AtRecreation,10,2025-07-03T19:50:00.000,2,AtHome,2,AtHome,Going Back to Home,2025-07-03T19:50:00.000,2025-07-03T19:55:00.000,0,0,9913.749520359488,9913.749520359488,POINT (487038.28498915996 4420353.145806744),Apartment,0,None,None
818,0,2025-07-03T19:45:00.000,AtRecreation,10,2025-07-03T19:50:00.000,11,AtRestaurant,11,AtRestaurant,Eating,2025-07-03T19:50:00.000,2025-07-03T20:10:00.000,0,0,9442.910656764601,9438.194352428742,POINT (483834.4909161149 4422719.660534676),Restaurant,0,None,None
823,0,2025-07-03T20:10:00.000,AtRestaurant,11,2025-07-03T20:15:00.000,10,AtRecreation,10,AtRecreation,Coming Back From Restaurant,2025-07-03T20:15:00.000,2025-07-03T20:35:00.000,0,0,9438.194352428742,9434.305130052537,POINT (486194.0125563806 4421348.554417097),Pub,0,None,None
825,0,2025-07-03T20:35:00.000,AtRecreation,10,2025-07-03T20:40:00.000,3,AtHome,3,AtHome,Going Back to Home,2025-07-03T20:40:00.000,2025-07-03T20:45:00.000,0,0,9434.305130052537,9434.305130052537,POINT (485547.33905596414 4421526.153604189),Apartment,0,None,None
836,1,2025-07-03T19:55:00.000,AtHome,2,2025-07-03T20:00:00.000,10,AtRecreation,10,AtRecreation,Recreation (Social Gathering),2025-07-03T20:00:00.000,2025-07-03T21:40:00.000,0,0,9913.749520359488,9894.303408478465,POINT (486194.0125563806 4421348.554417097),Pub,0,None,None
838,1,2025-07-03T21:40:00.000,AtRecreation,10,2025-07-03T21:45:00.000,2,AtHome,2,AtHome,Going Back to Home,2025-07-03T21:45:00.000,2025-07-03T21:50:00.000,0,0,9894.303408478465,9894.303408478465,POINT (487038.28498915996 4420353.145806744),Apartment,0,None,None
844,0,2025-07-03T20:45:00.000,AtHome,3,2025-07-03T20:50:00.000,10,AtRecreation,10,AtRecreation,Recreation (Social Gathering),2025-07-03T20:50:00.000,2025-07-03T22:20:00.000,0,0,9434.305130052537,9416.803629359616,POINT (486194.0125563806 4421348.554417097),Pub,0,None,None
846,0,2025-07-03T22:20:00.000,AtRecreation,10,2025-07-03T22:25:00.000,3,AtHome,3,AtHome,Going Back to Home,2025-07-03T22:25:00.000,2025-07-03T22:30:00.000,0,0,9416.803629359616,9416.803629359616,POINT (485547.33905596414 4421526.153604189),Apartment,0,None,None
852,1,2025-07-03T21:50:00.000,AtHome,2,2025-07-03T21:55:00.000,10,AtRecreation,10,AtRecreation,Recreation (Social Gathering),2025-07-03T21:55:00.000,2025-07-03T23:00:00.000,0,0,9894.303408478465,9881.6634357558,POINT (486194.0125563806 4421348.554417097),Pub,0,None,None
857,0,2025-07-03T22:30:00.000,AtHome,3,2025-07-03T22:35:00.000,10,AtRecreation,10,AtRecreation,Recreation (Social Gathering),2025-07-03T22:35:00.000,2025-07-03T23:25:00.000,0,0,9416.803629359616,9407.080573419105,POINT (486194.0125563806 4421348.554417097),Pub,0,None,None
859,0,2025-07-03T23:25:00.000,AtRecreation,10,2025-07-03T23:30:00.000,3,AtHome,3,AtHome,Going Back to Home,2025-07-03T23:30:00.000,2025-07-03T23:35:00.000,0,0,9407.080573419105,9407.080573419105,POINT (485547.33905596414 4421526.153604189),Apartment,0,None,None
861,0,2025-07-03T23:35:00.000,AtHome,3,2025-07-03T23:40:00.000,10,AtRecreation,10,AtRecreation,Recreation (Social Gathering),2025-07-03T23:40:00.000,2025-07-03T23:45:00.000,0,0,9407.080573419105,9406.108267825055,POINT (486194.0125563806 4421348.554417097),Pub,0,None,None
948,0,2025-07-03T23:45:00.000,AtRecreation,10,2025-07-03T23:50:00.000,3,AtHome,3,AtHome,Going Back to Home,2025-07-03T23:50:00.000,2025-07-04T07:00:00.000,0,0,9406.108267825055,9402.108267825055,POINT (485547.33905596414 4421526.153604189),Apartment,0,None,None
958,1,2025-07-03T23:00:00.000,AtRecreation,10,2025-07-03T23:05:00.000,2,AtHome,2,AtHome,Going Back to Home,2025-07-03T23:05:00.000,2025-07-04T07:50:00.000,0,0,9881.6634357558,9877.6634357558,POINT (487038.28498915996 4420353.145806744),Apartment,0,None,None
959,4,2025-07-03T18:40:00.000,AtRestaurant,11,2025-07-03T18:50:00.000,0,AtHome,0,AtHome,Coming Back From Restaurant,2025-07-03T18:50:00.000,2025-07-04T07:55:00.000,0,0,10487.79996333072,10487.79996333072,POINT (483427.58001767774 4420738.353228444),Apartment,0,None,None
959,2,2025-07-03T14:00:00.000,AtWork,9,2025-07-03T14:05:00.000,1,AtHome,1,AtHome,Work/Home Commute,2025-07-03T14:05:00.000,2025-07-04T07:55:00.000,0,0,10461.381689944736,10453.381689944736,POINT (485057.58590894594 4420442.765882327),Apartment,0,None,None
960,3,2025-07-03T16:55:00.000,AtRestaurant,11,2025-07-03T17:00:00.000,0,AtHome,0,AtHome,Coming Back From Restaurant,2025-07-03T17:00:00.000,2025-07-04T08:00:00.000,0,0,10576.460834188794,10576.460834188794,POINT (483386.13406596635 4420756.4680047715),Apartment,0,None,None
965,4,2025-07-04T07:55:00.000,AtHome,0,2025-07-04T08:05:00.000,11,AtRestaurant,11,AtRestaurant,Eating,2025-07-04T08:05:00.000,2025-07-04T08:25:00.000,0,0,10487.79996333072,10483.083658994861,POINT (483834.4909161149 4422719.660534676),Restaurant,0,None,None
965,3,2025-07-04T08:00:00.000,AtHome,0,2025-07-04T08:05:00.000,11,AtRestaurant,11,AtRestaurant,Eating,2025-07-04T08:05:00.000,2025-07-04T08:25:00.000,0,0,10576.460834188794,10571.744529852935,POINT (483834.4909161149 4422719.660534676),Restaurant,0,None,None
1021,1,2025-07-04T07:50:00.000,AtHome,2,2025-07-04T07:55:00.000,9,AtWork,9,AtWork,Work/Home Commute,2025-07-04T07:55:00.000,2025-07-04T13:05:00.000,0,0,9877.6634357558,10394.330102422466,POINT (486971.8556855318 4422510.6889146175),Workplace,0,None,None
1021,0,2025-07-04T07:00:00.000,AtHome,3,2025-07-04T07:05:00.000,9,AtWork,9,AtWork,Work/Home Commute,2025-07-04T07:05:00.000,2025-07-04T13:05:00.000,0,0,9402.108267825055,10002.108267825055,POINT (486971.8556855318 4422510.6889146175),Workplace,0,None,None
1026,0,2025-07-04T13:05:00.000,AtWork,9,2025-07-04T13:10:00.000,11,AtRestaurant,11,AtRestaurant,Eating,2025-07-04T13:10:00.000,2025-07-04T13:30:00.000,0,0,10002.108267825055,9997.391963489195,POINT (483834.4909161149 4422719.660534676),Restaurant,0,None,None
1026,1,2025-07-04T13:05:00.000,AtWork,9,2025-07-04T13:10:00.000,11,AtRestaurant,11,AtRestaurant,Eating,2025-07-04T13:10:00.000,2025-07-04T13:30:00.000,0,0,10394.330102422466,10389.613798086606,POINT (483834.4909161149 4422719.660534676),Restaurant,0,None,None
1029,0,2025-07-04T13:30:00.000,AtRestaurant,11,2025-07-04T13:35:00.000,9,AtWork,9,AtWork,Coming Back From Restaurant,2025-07-04T13:35:00.000,2025-07-04T13:45:00.000,0,0,9997.391963489195,10014.058630155861,POINT (486971.8556855318 4422510.6889146175),Workplace,0,None,None
1031,0,2025-07-04T13:45:00.000,AtWork,9,2025-07-04T13:50:00.000,3,AtHome,3,AtHome,Work/Home Commute,2025-07-04T13:50:00.000,2025-07-04T13:55:00.000,0,0,10014.058630155861,10014.058630155861,POINT (485547.33905596414 4421526.153604189),Apartment,0,None,None
1032,2,2025-07-04T07:55:00.000,AtHome,1,2025-07-04T08:00:00.000,9,AtWork,9,AtWork,Work/Home Commute,2025-07-04T08:00:00.000,2025-07-04T14:00:00.000,0,0,10453.381689944736,11053.381689944736,POINT (486971.8556855318 4422510.6889146175),Workplace,0,None,None
1039,1,2025-07-04T13:30:00.000,AtRestaurant,11,2025-07-04T13:35:00.000,9,AtWork,9,AtWork,Coming Back From Restaurant,2025-07-04T13:35:00.000,2025-07-04T14:35:00.000,0,0,10389.613798086606,10489.613798086606,POINT (486971.8556855318 4422510.6889146175),Workplace,0,None,None
1041,1,2025-07-04T14:35:00.000,AtWork,9,2025-07-04T14:40:00.000,2,AtHome,2,AtHome,Work/Home Commute,2025-07-04T14:40:00.000,2025-07-04T14:45:00.000,0,0,10489.613798086606,10489.613798086606,POINT (487038.28498915996 4420353.145806744),Apartment,0,None,None
1054,1,2025-07-04T14:45:00.000,AtHome,2,2025-07-04T14:50:00.000,10,AtRecreation,10,AtRecreation,Recreation (Social Gathering),2025-07-04T14:50:00.000,2025-07-04T15:50:00.000,0,0,10489.613798086606,10477.946130957993,POINT (486194.0125563806 4421348.554417097),Pub,0,None,None
1056,1,2025-07-04T15:50:00.000,AtRecreation,10,2025-07-04T15:55:00.000,2,AtHome,2,AtHome,Going Back to Home,2025-07-04T15:55:00.000,2025-07-04T16:00:00.000,0,0,10477.946130957993,10477.946130957993,POINT (487038.28498915996 4420353.145806744),Apartment,0,None,None
1059,0,2025-07-04T13:55:00.000,AtHome,3,2025-07-04T14:00:00.000,10,AtRecreation,10,AtRecreation,Recreation (Social Gathering),2025-07-04T14:00:00.000,2025-07-04T16:15:00.000,0,0,10014.058630155861,9987.80637911648,POINT (486194.0125563806 4421348.554417097),Pub,0,None,None
1061,0,2025-07-04T16:15:00.000,AtRecreation,10,2025-07-04T16:20:00.000,3,AtHome,3,AtHome,Going Back to Home,2025-07-04T16:20:00.000,2025-07-04T16:25:00.000,0,0,9987.80637911648,9987.80637911648,POINT (485547.33905596414 4421526.153604189),Apartment,0,None,None
1062,3,2025-07-04T08:25:00.000,AtRestaurant,11,2025-07-04T08:30:00.000,0,AtHome,0,AtHome,Coming Back From Restaurant,2025-07-04T08:30:00.000,2025-07-04T16:30:00.000,0,0,10571.744529852935,10571.744529852935,POINT (483386.13406596635 4420756.4680047715),Apartment,0,None,None
1067,3,2025-07-04T16:30:00.000,AtHome,0,2025-07-04T16:35:00.000,11,AtRestaurant,11,AtRestaurant,Eating,2025-07-04T16:35:00.000,2025-07-04T16:55:00.000,0,0,10571.744529852935,10567.028225517075,POINT (483834.4909161149 4422719.660534676),Restaurant,0,None,None
1078,1,2025-07-04T16:00:00.000,AtHome,2,2025-07-04T16:05:00.000,10,AtRecreation,10,AtRecreation,Recreation (Social Gathering),2025-07-04T16:05:00.000,2025-07-04T17:50:00.000,0,0,10477.946130957993,10457.52771348292,POINT (486194.0125563806 4421348.554417097),Pub,0,None,None
1080,1,2025-07-04T17:50:00.000,AtRecreation,10,2025-07-04T17:55:00.000,2,AtHome,2,AtHome,Going Back to Home,2025-07-04T17:55:00.000,2025-07-04T18:00:00.000,0,0,10457.52771348292,10457.52771348292,POINT (487038.28498915996 4420353.145806744),Apartment,0,None,None
1081,0,2025-07-04T16:25:00.000,AtHome,3,2025-07-04T16:30:00.000,10,AtRecreation,10,AtRecreation,Recreation (Social Gathering),2025-07-04T16:30:00.000,2025-07-04T18:05:00.000,0,0,9987.80637911648,9969.33257282951,POINT (486194.0125563806 4421348.554417097),Pub,0,None,None
1082,4,2025-07-04T08:25:00.000,AtRestaurant,11,2025-07-04T08:35:00.000,0,AtHome,0,AtHome,Coming Back From Restaurant,2025-07-04T08:35:00.000,2025-07-04T18:10:00.000,0,0,10483.083658994861,10483.083658994861,POINT (483427.58001767774 4420738.353228444),Apartment,0,None,None
1083,0,2025-07-04T18:05:00.000,AtRecreation,10,2025-07-04T18:10:00.000,3,AtHome,3,AtHome,Going Back to Home,2025-07-04T18:10:00.000,2025-07-04T18:15:00.000,0,0,9969.33257282951,9969.33257282951,POINT (485547.33905596414 4421526.153604189),Apartment,0,None,None
1088,2,2025-07-04T14:00:00.000,AtWork,9,2025-07-04T14:05:00.000,1,AtHome,1,AtHome,Work/Home Commute,2025-07-04T14:05:00.000,2025-07-04T18:40:00.000,0,0,11053.381689944736,11053.381689944736,POINT (485057.58590894594 4420442.765882327),Apartment,0,None,None
1088,4,2025-07-04T18:10:00.000,AtHome,0,2025-07-04T18:20:00.000,11,AtRestaurant,11,AtRestaurant,Eating,2025-07-04T18:20:00.000,2025-07-04T18:40:00.000,0,0,10483.083658994861,10478.367354659002,POINT (483834.4909161149 4422719.660534676),Restaurant,0,None,None
1091,1,2025-07-04T18:00:00.000,AtHome,2,2025-07-04T18:05:00.000,10,AtRecreation,10,AtRecreation,Recreation (Social Gathering),2025-07-04T18:05:00.000,2025-07-04T18:55:00.000,0,0,10457.52771348292,10447.804657542409,POINT (486194.0125563806 4421348.554417097),Pub,0,None,None
1095,2,2025-07-04T18:40:00.000,AtHome,1,2025-07-04T18:55:00.000,11,AtRestaurant,11,AtRestaurant,Eating,2025-07-04T18:55:00.000,2025-07-04T19:15:00.000,0,0,11053.381689944736,11048.665385608876,POINT (483834.4909161149 4422719.660534676),Restaurant,0,None,None
1096,1,2025-07-04T18:55:00.000,AtRecreation,10,2025-07-04T19:00:00.000,11,AtRestaurant,11,AtRestaurant,Eating,2025-07-04T19:00:00.000,2025-07-04T19:20:00.000,0,0,10447.804657542409,10443.088353206549,POINT (483834.4909161149 4422719.660534676),Restaurant,0,None,None
1101,1,2025-07-04T19:20:00.000,AtRestaurant,11,2025-07-04T19:25:00.000,10,AtRecreation,10,AtRecreation,Coming Back From Restaurant,2025-07-04T19:25:00.000,2025-07-04T19:45:00.000,0,0,10443.088353206549,10439.199130830344,POINT (486194.0125563806 4421348.554417097),Pub,0,None,None
1101,0,2025-07-04T18:15:00.000,AtHome,3,2025-07-04T18:20:00.000,10,AtRecreation,10,AtRecreation,Recreation (Social Gathering),2025-07-04T18:20:00.000,2025-07-04T19:45:00.000,0,0,9969.33257282951,9952.803377730641,POINT (486194.0125563806 4421348.554417097),Pub,0,None,None
1103,1,2025-07-04T19:45:00.000,AtRecreation,10,2025-07-04T19:50:00.000,2,AtHome,2,AtHome,Going Back to Home,2025-07-04T19:50:00.000,2025-07-04T19:55:00.000,0,0,10439.199130830344,10439.199130830344,POINT (487038.28498915996 4420353.145806744),Apartment,0,None,None
1106,0,2025-07-04T19:45:00.000,AtRecreation,10,2025-07-04T19:50:00.000,11,AtRestaurant,11,AtRestaurant,Eating,2025-07-04T19:50:00.000,2025-07-04T20:10:00.000,0,0,9952.803377730641,9948.087073394781,POINT (483834.4909161149 4422719.660534676),Restaurant,0,None,None
1111,0,2025-07-04T20:10:00.000,AtRestaurant,11,2025-07-04T20:15:00.000,10,AtRecreation,10,AtRecreation,Coming Back From Restaurant,2025-07-04T20:15:00.000,2025-07-04T20:35:00.000,0,0,9948.087073394781,9944.197851018576,POINT (486194.0125563806 4421348.554417097),Pub,0,None,None
1113,0,2025-07-04T20:35:00.000,AtRecreation,10,2025-07-04T20:40:00.000,3,AtHome,3,AtHome,Going Back to Home,2025-07-04T20:40:00.000,2025-07-04T20:45:00.000,0,0,9944.197851018576,9944.197851018576,POINT (485547.33905596414 4421526.153604189),Apartment,0,None,None
1120,1,2025-07-04T19:55:00.000,AtHome,2,2025-07-04T20:00:00.000,10,AtRecreation,10,AtRecreation,Recreation (Social Gathering),2025-07-04T20:00:00.000,2025-07-04T21:20:00.000,0,0,10439.199130830344,10423.642241325526,POINT (486194.0125563806 4421348.554417097),Pub,0,None,None
1122,1,2025-07-04T21:20:00.000,AtRecreation,10,2025-07-04T21:25:00.000,2,AtHome,2,AtHome,Going Back to Home,2025-07-04T21:25:00.000,2025-07-04T21:30:00.000,0,0,10423.642241325526,10423.642241325526,POINT (487038.28498915996 4420353.145806744),Apartment,0,None,None
1134,0,2025-07-04T20:45:00.000,AtHome,3,2025-07-04T20:50:00.000,10,AtRecreation,10,AtRecreation,Recreation (Social Gathering),2025-07-04T20:50:00.000,2025-07-04T22:30:00.000,0,0,9944.197851018576,9924.751739137553,POINT (486194.0125563806 4421348.554417097),Pub,0,None,None
1136,0,2025-07-04T22:30:00.000,AtRecreation,10,2025-07-04T22:35:00.000,3,AtHome,3,AtHome,Going Back to Home,2025-07-04T22:35:00.000,2025-07-04T22:40:00.000,0,0,9924.751739137553,9924.751739137553,POINT (485547.33905596414 4421526.153604189),Apartment,0,None,None
1141,1,2025-07-04T21:30:00.000,AtHome,2,2025-07-04T21:35:00.000,10,AtRecreation,10,AtRecreation,Recreation (Social Gathering),2025-07-04T21:35:00.000,2025-07-04T23:05:00.000,0,0,10423.642241325526,10406.140740632605,POINT (486194.0125563806 4421348.554417097),Pub,0,None,None
1148,0,2025-07-04T22:40:00.000,AtHome,3,2025-07-04T22:45:00.000,10,AtRecreation,10,AtRecreation,Recreation (Social Gathering),2025-07-04T22:45:00.000,2025-07-04T23:40:00.000,0,0,9924.751739137553,9914.05637760299,POINT (486194.0125563806 4421348.554417097),Pub,0,None,None
1234,0,2025-07-04T23:40:00.000,AtRecreation,10,2025-07-04T23:45:00.000,3,AtHome,3,AtHome,Going Back to Home,2025-07-04T23:45:00.000,2025-07-05T06:50:00.000,0,0,9914.05637760299,9914.05637760299,POINT (485547.33905596414 4421526.153604189),Apartment,0,None,None
1240,0,2025-07-05T06:50:00.000,AtHome,3,2025-07-05T07:00:00.000,11,AtRestaurant,11,AtRestaurant,Eating,2025-07-05T07:00:00.000,2025-07-05T07:20:00.000,0,0,9914.05637760299,9909.34007326713,POINT (483834.4909161149 4422719.660534676),Restaurant,0,None,None
1243,0,2025-07-05T07:20:00.000,AtRestaurant,11,2025-07-05T07:30:00.000,3,AtHome,3,AtHome,Coming Back From Restaurant,2025-07-05T07:30:00.000,2025-07-05T07:35:00.000,0,0,9909.34007326713,9909.34007326713,POINT (485547.33905596414 4421526.153604189),Apartment,0,None,None
1244,1,2025-07-04T23:05:00.000,AtRecreation,10,2025-07-04T23:10:00.000,2,AtHome,2,AtHome,Going Back to Home,2025-07-04T23:10:00.000,2025-07-05T07:40:00.000,0,0,10406.140740632605,10406.140740632605,POINT (487038.28498915996 4420353.145806744),Apartment,0,None,None
1245,2,2025-07-04T19:15:00.000,AtRestaurant,11,2025-07-04T19:25:00.000,1,AtHome,1,AtHome,Coming Back From Restaurant,2025-07-04T19:25:00.000,2025-07-05T07:45:00.000,0,0,11048.665385608876,11048.665385608876,POINT (485057.58590894594 4420442.765882327),Apartment,0,None,None
1247,4,2025-07-04T18:40:00.000,AtRestaurant,11,2025-07-04T18:50:00.000,0,AtHome,0,AtHome,Coming Back From Restaurant,2025-07-04T18:50:00.000,2025-07-05T07:55:00.000,0,0,10478.367354659002,10478.367354659002,POINT (483427.58001767774 4420738.353228444),Apartment,0,None,None
1248,3,2025-07-04T16:55:00.000,AtRestaurant,11,2025-07-04T17:00:00.000,0,AtHome,0,AtHome,Coming Back From Restaurant,2025-07-04T17:00:00.000,2025-07-05T08:00:00.000,0,0,10567.028225517075,10567.028225517075,POINT (483386.13406596635 4420756.4680047715),Apartment,0,None,None
1251,1,2025-07-05T07:40:00.000,AtHome,2,2025-07-05T07:55:00.000,11,AtRestaurant,11,AtRestaurant,Eating,2025-07-05T07:55:00.000,2025-07-05T08:15:00.000,0,0,10406.140740632605,10401.424436296746,POINT (483834.4909161149 4422719.660534676),Restaurant,0,None,None
1252,2,2025-07-05T07:45:00.000,AtHome,1,2025-07-05T08:00:00.000,11,AtRestaurant,11,AtRestaurant,Eating,2025-07-05T08:00:00.000,2025-07-05T08:20:00.000,0,0,11048.665385608876,11043.949081273016,POINT (483834.4909161149 4422719.660534676),Restaurant,0,None,None
1253,4,2025-07-05T07:55:00.000,AtHome,0,2025-07-05T08:05:00.000,11,AtRestaurant,11,AtRestaurant,Eating,2025-07-05T08:05:00.000,2025-07-05T08:25:00.000,0,0,10478.367354659002,10473.651050323142,POINT (483834.4909161149 4422719.660534676),Restaurant,0,None,None
1253,3,2025-07-05T08:00:00.000,AtHome,0,2025-07-05T08:05:00.000,11,AtRestaurant,11,AtRestaurant,Eating,2025-07-05T08:05:00.000,2025-07-05T08:25:00.000,0,0,10567.028225517075,10562.311921181215,POINT (483834.4909161149 4422719.660534676),Restaurant,0,None,None
1255,1,2025-07-05T08:15:00.000,AtRestaurant,11,2025-07-05T08:30:00.000,2,AtHome,2,AtHome,Coming Back From Restaurant,2025-07-05T08:30:00.000,2025-07-05T08:35:00.000,0,0,10401.424436296746,10401.424436296746,POINT (487038.28498915996 4420353.145806744),Apartment,0,None,None
1258,0,2025-07-05T07:35:00.000,AtHome,3,2025-07-05T07:40:00.000,10,AtRecreation,10,AtRecreation,Recreation (Social Gathering),2025-07-05T07:40:00.000,2025-07-05T08:50:00.000,0,0,9909.34007326713,9895.727794950415,POINT (486194.0125563806 4421348.554417097),Pub,0,None,None
1260,0,2025-07-05T08:50:00.000,AtRecreation,10,2025-07-05T08:55:00.000,3,AtHome,3,AtHome,Going Back to Home,2025-07-05T08:55:00.000,2025-07-05T09:00:00.000,0,0,9895.727794950415,9895.727794950415,POINT (485547.33905596414 4421526.153604189),Apartment,0,None,None
1280,0,2025-07-05T09:00:00.000,AtHome,3,2025-07-05T09:05:00.000,10,AtRecreation,10,AtRecreation,Recreation (Social Gathering),2025-07-05T09:05:00.000,2025-07-05T10:40:00.000,0,0,9895.727794950415,9877.253988663444,POINT (486194.0125563806 4421348.554417097),Pub,0,None,None
1280,1,2025-07-05T08:35:00.000,AtHome,2,2025-07-05T08:40:00.000,10,AtRecreation,10,AtRecreation,Recreation (Social Gathering),2025-07-05T08:40:00.000,2025-07-05T10:40:00.000,0,0,10401.424436296746,10378.08910203952,POINT (486194.0125563806 4421348.554417097),Pub,0,None,None
1282,1,2025-07-05T10:40:00.000,AtRecreation,10,2025-07-05T10:45:00.000,2,AtHome,2,AtHome,Going Back to Home,2025-07-05T10:45:00.000,2025-07-05T10:50:00.000,0,0,10378.08910203952,10378.08910203952,POINT (487038.28498915996 4420353.145806744),Apartment,0,None,None
1282,0,2025-07-05T10:40:00.000,AtRecreation,10,2025-07-05T10:45:00.000,3,AtHome,3,AtHome,Going Back to Home,2025-07-05T10:45:00.000,2025-07-05T10:50:00.000,0,0,9877.253988663444,9877.253988663444,POINT (485547.33905596414 4421526.153604189),Apartment,0,None,None
1301,1,2025-07-05T10:50:00.000,AtHome,2,2025-07-05T10:55:00.000,10,AtRecreation,10,AtRecreation,Recreation (Social Gathering),2025-07-05T10:55:00.000,2025-07-05T12:25:00.000,0,0,10378.08910203952,10360.587601346599,POINT (486194.0125563806 4421348.554417097),Pub,0,None,None
1303,1,2025-07-05T12:25:00.000,AtRecreation,10,2025-07-05T12:30:00.000,2,AtHome,2,AtHome,Going Back to Home,2025-07-05T12:30:00.000,2025-07-05T12:35:00.000,0,0,10360.587601346599,10360.587601346599,POINT (487038.28498915996 4420353.145806744),Apartment,0,None,None
1310,0,2025-07-05T10:50:00.000,AtHome,3,2025-07-05T10:55:00.000,10,AtRecreation,10,AtRecreation,Recreation (Social Gathering),2025-07-05T10:55:00.000,2025-07-05T13:10:00.000,0,0,9877.253988663444,9851.001737624063,POINT (486194.0125563806 4421348.554417097),Pub,0,None,None
1312,0,2025-07-05T13:10:00.000,AtRecreation,10,2025-07-05T13:15:00.000,3,AtHome,3,AtHome,Going Back to Home,2025-07-05T13:15:00.000,2025-07-05T13:20:00.000,0,0,9851.001737624063,9851.001737624063,POINT (485547.33905596414 4421526.153604189),Apartment,0,None,None
1320,1,2025-07-05T12:35:00.000,AtHome,2,2025-07-05T12:40:00.000,10,AtRecreation,10,AtRecreation,Recreation (Social Gathering),2025-07-05T12:40:00.000,2025-07-05T14:00:00.000,0,0,10360.587601346599,10333.363044713167,POINT (486194.0125563806 4421348.554417097),Pub,0,None,None
1322,1,2025-07-05T14:00:00.000,AtRecreation,10,2025-07-05T14:05:00.000,2,AtHome,2,AtHome,Going Back to Home,2025-07-05T14:05:00.000,2025-07-05T14:10:00.000,0,0,10333.363044713167,10333.363044713167,POINT (487038.28498915996 4420353.145806744),Apartment,0,None,None
1339,0,2025-07-05T13:20:00.000,AtHome,3,2025-07-05T13:25:00.000,10,AtRecreation,10,AtRecreation,Recreation (Social Gathering),2025-07-05T13:25:00.000,2025-07-05T15:35:00.000,0,0,9851.001737624063,9814.054125050121,POINT (486194.0125563806 4421348.554417097),Pub,0,None,None
1341,0,2025-07-05T15:35:00.000,AtRecreation,10,2025-07-05T15:40:00.000,3,AtHome,3,AtHome,Going Back to Home,2025-07-05T15:40:00.000,2025-07-05T15:45:00.000,0,0,9814.054125050121,9814.054125050121,POINT (485547.33905596414 4421526.153604189),Apartment,0,None,None
1350,3,2025-07-05T08:25:00.000,AtRestaurant,11,2025-07-05T08:30:00.000,0,AtHome,0,AtHome,Coming Back From Restaurant,2025-07-05T08:30:00.000,2025-07-05T16:30:00.000,0,0,10562.311921181215,10562.311921181215,POINT (483386.13406596635 4420756.4680047715),Apartment,0,None,None
1354,1,2025-07-05T14:10:00.000,AtHome,2,2025-07-05T14:15:00.000,10,AtRecreation,10,AtRecreation,Recreation (Social Gathering),2025-07-05T14:15:00.000,2025-07-05T16:50:00.000,0,0,10333.363044713167,10303.221571297581,POINT (486194.0125563806 4421348.554417097),Pub,0,None,None
1355,3,2025-07-05T16:30:00.000,AtHome,0,2025-07-05T16:35:00.000,11,AtRestaurant,11,AtRestaurant,Eating,2025-07-05T16:35:00.000,2025-07-05T16:55:00.000,0,0,10562.311921181215,10557.595616845356,POINT (483834.4909161149 4422719.660534676),Restaurant,0,None,None
1356,1,2025-07-05T16:50:00.000,AtRecreation,10,2025-07-05T16:55:00.000,2,AtHome,2,AtHome,Going Back to Home,2025-07-05T16:55:00.000,2025-07-05T17:00:00.000,0,0,10303.221571297581,10303.221571297581,POINT (487038.28498915996 4420353.145806744),Apartment,0,None,None
1361,0,2025-07-05T15:45:00.000,AtHome,3,2025-07-05T15:50:00.000,10,AtRecreation,10,AtRecreation,Recreation (Social Gathering),2025-07-05T15:50:00.000,2025-07-05T17:25:00.000,0,0,9814.054125050121,9795.58031876315,POINT (486194.0125563806 4421348.554417097),Pub,0,None,None
1363,0,2025-07-05T17:25:00.000,AtRecreation,10,2025-07-05T17:30:00.000,3,AtHome,3,AtHome,Going Back to Home,2025-07-05T17:30:00.000,2025-07-05T17:35:00.000,0,0,9795.58031876315,9795.58031876315,POINT (485547.33905596414 4421526.153604189),Apartment,0,None,None
1370,4,2025-07-05T08:25:00.000,AtRestaurant,11,2025-07-05T08:35:00.000,0,AtHome,0,AtHome,Coming Back From Restaurant,2025-07-05T08:35:00.000,2025-07-05T18:10:00.000,0,0,10473.651050323142,10473.651050323142,POINT (483427.58001767774 4420738.353228444),Apartment,0,None,None
1372,1,2025-07-05T17:00:00.000,AtHome,2,2025-07-05T17:05:00.000,10,AtRecreation,10,AtRecreation,Recreation (Social Gathering),2025-07-05T17:05:00.000,2025-07-05T18:20:00.000,0,0,10303.221571297581,10288.636987386813,POINT (486194.0125563806 4421348.554417097),Pub,0,None,None
1374,1,2025-07-05T18:20:00.000,AtRecreation,10,2025-07-05T18:25:00.000,2,AtHome,2,AtHome,Going Back to Home,2025-07-05T18:25:00.000,2025-07-05T18:30:00.000,0,0,10288.636987386813,10288.636987386813,POINT (487038.28498915996 4420353.145806744),Apartment,0,None,None
1376,4,2025-07-05T18:10:00.000,AtHome,0,2025-07-05T18:20:00.000,11,AtRestaurant,11,AtRestaurant,Eating,2025-07-05T18:20:00.000,2025-07-05T18:40:00.000,0,0,10473.651050323142,10468.934745987282,POINT (483834.4909161149 4422719.660534676),Restaurant,0,None,None
1380,0,2025-07-05T17:35:00.000,AtHome,3,2025-07-05T17:40:00.000,10,AtRecreation,10,AtRecreation,Recreation (Social Gathering),2025-07-05T17:40:00.000,2025-07-05T19:00:00.000,0,0,9795.58031876315,9780.023429258332,POINT (486194.0125563806 4421348.554417097),Pub,0,None,None
1382,0,2025-07-05T19:00:00.000,AtRecreation,10,2025-07-05T19:05:00.000,3,AtHome,3,AtHome,Going Back to Home,2025-07-05T19:05:00.000,2025-07-05T19:10:00.000,0,0,9780.023429258332,9780.023429258332,POINT (485547.33905596414 4421526.153604189),Apartment,0,None,None
1383,2,2025-07-05T08:20:00.000,AtRestaurant,11,2025-07-05T08:30:00.000,1,AtHome,1,AtHome,Coming Back From Restaurant,2025-07-05T08:30:00.000,2025-07-05T19:15:00.000,0,0,11043.949081273016,11043.949081273016,POINT (485057.58590894594 4420442.765882327),Apartment,0,None,None
1390,2,2025-07-05T19:15:00.000,AtHome,1,2025-07-05T19:30:00.000,11,AtRestaurant,11,AtRestaurant,Eating,2025-07-05T19:30:00.000,2025-07-05T19:50:00.000,0,0,11043.949081273016,11039.232776937157,POINT (483834.4909161149 4422719.660534676),Restaurant,0,None,None
1394,1,2025-07-05T18:30:00.000,AtHome,2,2025-07-05T18:35:00.000,10,AtRecreation,10,AtRecreation,Recreation (Social Gathering),2025-07-05T18:35:00.000,2025-07-05T20:10:00.000,0,0,10288.636987386813,10270.163181099842,POINT (486194.0125563806 4421348.554417097),Pub,0,None,None
1409,0,2025-07-05T19:10:00.000,AtHome,3,2025-07-05T19:15:00.000,10,AtRecreation,10,AtRecreation,Recreation (Social Gathering),2025-07-05T19:15:00.000,2025-07-05T21:25:00.000,0,0,9780.023429258332,9754.743483813003,POINT (486194.0125563806 4421348.554417097),Pub,0,None,None
1522,0,2025-07-05T21:25:00.000,AtRecreation,10,2025-07-05T21:30:00.000,3,AtHome,3,AtHome,Going Back to Home,2025-07-05T21:30:00.000,2025-07-06T06:50:00.000,0,0,9754.743483813003,9754.743483813003,POINT (485547.33905596414 4421526.153604189),Apartment,0,None,None
1528,0,2025-07-06T06:50:00.000,AtHome,3,2025-07-06T07:00:00.000,11,AtRestaurant,11,AtRestaurant,Eating,2025-07-06T07:00:00.000,2025-07-06T07:20:00.000,0,0,9754.743483813003,9750.027179477143,POINT (483834.4909161149 4422719.660534676),Restaurant,0,None,None
1531,0,2025-07-06T07:20:00.000,AtRestaurant,11,2025-07-06T07:30:00.000,3,AtHome,3,AtHome,Coming Back From Restaurant,2025-07-06T07:30:00.000,2025-07-06T07:35:00.000,0,0,9750.027179477143,9750.027179477143,POINT (485547.33905596414 4421526.153604189),Apartment,0,None,None
1532,1,2025-07-05T20:10:00.000,AtRecreation,10,2025-07-05T20:15:00.000,2,AtHome,2,AtHome,Going Back to Home,2025-07-05T20:15:00.000,2025-07-06T07:40:00.000,0,0,10270.163181099842,10266.163181099842,POINT (487038.28498915996 4420353.145806744),Apartment,0,None,None
1535,4,2025-07-05T18:40:00.000,AtRestaurant,11,2025-07-05T18:50:00.000,0,AtHome,0,AtHome,Coming Back From Restaurant,2025-07-05T18:50:00.000,2025-07-06T07:55:00.000,0,0,10468.934745987282,10468.934745987282,POINT (483427.58001767774 4420738.353228444),Apartment,0,None,None
1536,3,2025-07-05T16:55:00.000,AtRestaurant,11,2025-07-05T17:00:00.000,0,AtHome,0,AtHome,Coming Back From Restaurant,2025-07-05T17:00:00.000,2025-07-06T08:00:00.000,0,0,10557.595616845356,10557.595616845356,POINT (483386.13406596635 4420756.4680047715),Apartment,0,None,None
1541,3,2025-07-06T08:00:00.000,AtHome,0,2025-07-06T08:05:00.000,11,AtRestaurant,11,AtRestaurant,Eating,2025-07-06T08:05:00.000,2025-07-06T08:25:00.000,0,0,10557.595616845356,10552.879312509496,POINT (483834.4909161149 4422719.660534676),Restaurant,0,None,None
1541,4,2025-07-06T07:55:00.000,AtHome,0,2025-07-06T08:05:00.000,11,AtRestaurant,11,AtRestaurant,Eating,2025-07-06T08:05:00.000,2025-07-06T08:25:00.000,0,0,10468.934745987282,10464.218441651423,POINT (483834.4909161149 4422719.660534676),Restaurant,0,None,None
1547,0,2025-07-06T07:35:00.000,AtHome,3,2025-07-06T07:40:00.000,10,AtRecreation,10,AtRecreation,Recreation (Social Gathering),2025-07-06T07:40:00.000,2025-07-06T08:55:00.000,0,0,9750.027179477143,9735.442595566376,POINT (486194.0125563806 4421348.554417097),Pub,0,None,None
1549,0,2025-07-06T08:55:00.000,AtRecreation,10,2025-07-06T09:00:00.000,3,AtHome,3,AtHome,Going Back to Home,2025-07-06T09:00:00.000,2025-07-06T09:05:00.000,0,0,9735.442595566376,9735.442595566376,POINT (485547.33905596414 4421526.153604189),Apartment,0,None,None
1553,1,2025-07-06T07:40:00.000,AtHome,2,2025-07-06T07:45:00.000,10,AtRecreation,10,AtRecreation,Recreation (Social Gathering),2025-07-06T07:45:00.000,2025-07-06T09:25:00.000,0,0,10266.163181099842,10246.71706921882,POINT (486194.0125563806 4421348.554417097),Pub,0,None,None
1555,1,2025-07-06T09:25:00.000,AtRecreation,10,2025-07-06T09:30:00.000,2,AtHome,2,AtHome,Going Back to Home,2025-07-06T09:30:00.000,2025-07-06T09:35:00.000,0,0,10246.71706921882,10246.71706921882,POINT (487038.28498915996 4420353.145806744),Apartment,0,None,None
1573,1,2025-07-06T09:35:00.000,AtHome,2,2025-07-06T09:40:00.000,10,AtRecreation,10,AtRecreation,Recreation (Social Gathering),2025-07-06T09:40:00.000,2025-07-06T11:05:00.000,0,0,10246.71706921882,10230.18787411995,POINT (486194.0125563806 4421348.554417097),Pub,0,None,None
1573,0,2025-07-06T09:05:00.000,AtHome,3,2025-07-06T09:10:00.000,10,AtRecreation,10,AtRecreation,Recreation (Social Gathering),2025-07-06T09:10:00.000,2025-07-06T11:05:00.000,0,0,9735.442595566376,9713.0795669032,POINT (486194.0125563806 4421348.554417097),Pub,0,None,None
1575,1,2025-07-06T11:05:00.000,AtRecreation,10,2025-07-06T11:10:00.000,2,AtHome,2,AtHome,Going Back to Home,2025-07-06T11:10:00.000,2025-07-06T11:15:00.000,0,0,10230.18787411995,10230.18787411995,POINT (487038.28498915996 4420353.145806744),Apartment,0,None,None
1575,0,2025-07-06T11:05:00.000,AtRecreation,10,2025-07-06T11:10:00.000,3,AtHome,3,AtHome,Going Back to Home,2025-07-06T11:10:00.000,2025-07-06T11:15:00.000,0,0,9713.0795669032,9713.0795669032,POINT (485547.33905596414 4421526.153604189),Apartment,0,None,None
1591,0,2025-07-06T11:15:00.000,AtHome,3,2025-07-06T11:20:00.000,10,AtRecreation,10,AtRecreation,Recreation (Social Gathering),2025-07-06T11:20:00.000,2025-07-06T12:35:00.000,0,0,9713.0795669032,9698.494982992432,POINT (486194.0125563806 4421348.554417097),Pub,0,None,None
1593,0,2025-07-06T12:35:00.000,AtRecreation,10,2025-07-06T12:40:00.000,3,AtHome,3,AtHome,Going Back to Home,2025-07-06T12:40:00.000,2025-07-06T12:45:00.000,0,0,9698.494982992432,9698.494982992432,POINT (485547.33905596414 4421526.153604189),Apartment,0,None,None
1601,1,2025-07-06T11:15:00.000,AtHome,2,2025-07-06T11:20:00.000,10,AtRecreation,10,AtRecreation,Recreation (Social Gathering),2025-07-06T11:20:00.000,2025-07-06T13:25:00.000,0,0,10230.18787411995,10194.212567140059,POINT (486194.0125563806 4421348.554417097),Pub,0,None,None
1603,1,2025-07-06T13:25:00.000,AtRecreation,10,2025-07-06T13:30:00.000,2,AtHome,2,AtHome,Going Back to Home,2025-07-06T13:30:00.000,2025-07-06T13:35:00.000,0,0,10194.212567140059,10194.212567140059,POINT (487038.28498915996 4420353.145806744),Apartment,0,None,None
1615,0,2025-07-06T12:45:00.000,AtHome,3,2025-07-06T12:50:00.000,10,AtRecreation,10,AtRecreation,Recreation (Social Gathering),2025-07-06T12:50:00.000,2025-07-06T14:35:00.000,0,0,9698.494982992432,9666.408898388745,POINT (486194.0125563806 4421348.554417097),Pub,0,None,None
1617,0,2025-07-06T14:35:00.000,AtRecreation,10,2025-07-06T14:40:00.000,3,AtHome,3,AtHome,Going Back to Home,2025-07-06T14:40:00.000,2025-07-06T14:45:00.000,0,0,9666.408898388745,9666.408898388745,POINT (485547.33905596414 4421526.153604189),Apartment,0,None,None
1626,1,2025-07-06T13:35:00.000,AtHome,2,2025-07-06T13:40:00.000,10,AtRecreation,10,AtRecreation,Recreation (Social Gathering),2025-07-06T13:40:00.000,2025-07-06T15:30:00.000,0,0,10194.212567140059,10172.821844070933,POINT (486194.0125563806 4421348.554417097),Pub,0,None,None
1628,1,2025-07-06T15:30:00.000,AtRecreation,10,2025-07-06T15:35:00.000,2,AtHome,2,AtHome,Going Back to Home,2025-07-06T15:35:00.000,2025-07-06T15:40:00.000,0,0,10172.821844070933,10172.821844070933,POINT (487038.28498915996 4420353.145806744),Apartment,0,None,None
1638,3,2025-07-06T08:25:00.000,AtRestaurant,11,2025-07-06T08:30:00.000,0,AtHome,0,AtHome,Coming Back From Restaurant,2025-07-06T08:30:00.000,2025-07-06T16:30:00.000,0,0,10552.879312509496,10552.879312509496,POINT (483386.13406596635 4420756.4680047715),Apartment,0,None,None
1643,3,2025-07-06T16:30:00.000,AtHome,0,2025-07-06T16:35:00.000,11,AtRestaurant,11,AtRestaurant,Eating,2025-07-06T16:35:00.000,2025-07-06T16:55:00.000,0,0,10552.879312509496,10548.163008173637,POINT (483834.4909161149 4422719.660534676),Restaurant,0,None,None
1647,0,2025-07-06T14:45:00.000,AtHome,3,2025-07-06T14:50:00.000,10,AtRecreation,10,AtRecreation,Recreation (Social Gathering),2025-07-06T14:50:00.000,2025-07-06T17:15:00.000,0,0,9666.408898388745,9638.212036161261,POINT (486194.0125563806 4421348.554417097),Pub,0,None,None
1649,0,2025-07-06T17:15:00.000,AtRecreation,10,2025-07-06T17:20:00.000,3,AtHome,3,AtHome,Going Back to Home,2025-07-06T17:20:00.000,2025-07-06T17:25:00.000,0,0,9638.212036161261,9638.212036161261,POINT (485547.33905596414 4421526.153604189),Apartment,0,None,None
1651,1,2025-07-06T15:40:00.000,AtHome,2,2025-07-06T15:45:00.000,10,AtRecreation,10,AtRecreation,Recreation (Social Gathering),2025-07-06T15:45:00.000,2025-07-06T17:35:00.000,0,0,10172.821844070933,10151.431121001808,POINT (486194.0125563806 4421348.554417097),Pub,0,None,None
1653,1,2025-07-06T17:35:00.000,AtRecreation,10,2025-07-06T17:40:00.000,2,AtHome,2,AtHome,Going Back to Home,2025-07-06T17:40:00.000,2025-07-06T17:45:00.000,0,0,10151.431121001808,10151.431121001808,POINT (487038.28498915996 4420353.145806744),Apartment,0,None,None
1658,4,2025-07-06T08:25:00.000,AtRestaurant,11,2025-07-06T08:35:00.000,0,AtHome,0,AtHome,Coming Back From Restaurant,2025-07-06T08:35:00.000,2025-07-06T18:10:00.000,0,0,10464.218441651423,10464.218441651423,POINT (483427.58001767774 4420738.353228444),Apartment,0,None,None
1664,2,2025-07-05T19:50:00.000,AtRestaurant,11,2025-07-05T20:00:00.000,1,AtHome,1,AtHome,Coming Back From Restaurant,2025-07-05T20:00:00.000,2025-07-06T18:40:00.000,0,0,11039.232776937157,11035.232776937157,POINT (485057.58590894594 4420442.765882327),Apartment,0,None,None
1664,4,2025-07-06T18:10:00.000,AtHome,0,2025-07-06T18:20:00.000,11,AtRestaurant,11,AtRestaurant,Eating,2025-07-06T18:20:00.000,2025-07-06T18:40:00.000,0,0,10464.218441651423,10459.502137315563,POINT (483834.4909161149 4422719.660534676),Restaurant,0,None,None
1669,1,2025-07-06T17:45:00.000,AtHome,2,2025-07-06T17:50:00.000,10,AtRecreation,10,AtRecreation,Recreation (Social Gathering),2025-07-06T17:50:00.000,2025-07-06T19:05:00.000,0,0,10151.431121001808,10136.84653709104,POINT (486194.0125563806 4421348.554417097),Pub,0,None,None
1670,0,2025-07-06T17:25:00.000,AtHome,3,2025-07-06T17:30:00.000,10,AtRecreation,10,AtRecreation,Recreation (Social Gathering),2025-07-06T17:30:00.000,2025-07-06T19:10:00.000,0,0,9638.212036161261,9618.765924280238,POINT (486194.0125563806 4421348.554417097),Pub,0,None,None
1671,2,2025-07-06T18:40:00.000,AtHome,1,2025-07-06T18:55:00.000,11,AtRestaurant,11,AtRestaurant,Eating,2025-07-06T18:55:00.000,2025-07-06T19:15:00.000,0,0,11035.232776937157,11030.516472601297,POINT (483834.4909161149 4422719.660534676),Restaurant,0,None,None
1671,1,2025-07-06T19:05:00.000,AtRecreation,10,2025-07-06T19:10:00.000,2,AtHome,2,AtHome,Going Back to Home,2025-07-06T19:10:00.000,2025-07-06T19:15:00.000,0,0,10136.84653709104,10132.84653709104,POINT (487038.28498915996 4420353.145806744),Apartment,0,None,None
1672,0,2025-07-06T19:10:00.000,AtRecreation,10,2025-07-06T19:15:00.000,3,AtHome,3,AtHome,Going Back to Home,2025-07-06T19:15:00.000,2025-07-06T19:20:00.000,0,0,9618.765924280238,9618.765924280238,POINT (485547.33905596414 4421526.153604189),Apartment,0,None,None
1689,0,2025-07-06T19:20:00.000,AtHome,3,2025-07-06T19:25:00.000,10,AtRecreation,10,AtRecreation,Recreation (Social Gathering),2025-07-06T19:25:00.000,2025-07-06T20:45:00.000,0,0,9618.765924280238,9603.20903477542,POINT (486194.0125563806 4421348.554417097),Pub,0,None,None
1691,1,2025-07-06T19:15:00.000,AtHome,2,2025-07-06T19:20:00.000,10,AtRecreation,10,AtRecreation,Recreation (Social Gathering),2025-07-06T19:20:00.000,2025-07-06T20:55:00.000,0,0,10132.84653709104,10114.372730804069,POINT (486194.0125563806 4421348.554417097),Pub,0,None,None
1693,1,2025-07-06T20:55:00.000,AtRecreation,10,2025-07-06T21:00:00.000,2,AtHome,2,AtHome,Going Back to Home,2025-07-06T21:00:00.000,2025-07-06T21:05:00.000,0,0,10114.372730804069,10114.372730804069,POINT (487038.28498915996 4420353.145806744),Apartment,0,None,None
1711,1,2025-07-06T21:05:00.000,AtHome,2,2025-07-06T21:10:00.000,10,AtRecreation,10,AtRecreation,Recreation (Social Gathering),2025-07-06T21:10:00.000,2025-07-06T22:35:00.000,0,0,10114.372730804069,10097.8435357052,POINT (486194.0125563806 4421348.554417097),Pub,0,None,None
1713,1,2025-07-06T22:35:00.000,AtRecreation,10,2025-07-06T22:40:00.000,2,AtHome,2,AtHome,Going Back to Home,2025-07-06T22:40:00.000,2025-07-06T22:45:00.000,0,0,10097.8435357052,10097.8435357052,POINT (487038.28498915996 4420353.145806744),Apartment,0,None,None
1717,1,2025-07-06T22:45:00.000,AtHome,2,2025-07-06T22:50:00.000,10,AtRecreation,10,AtRecreation,Recreation (Social Gathering),2025-07-06T22:50:00.000,2025-07-06T23:05:00.000,0,0,10097.8435357052,10094.926618923047,POINT (486194.0125563806 4421348.554417097),Pub,0,None,None
1812,0,2025-07-06T20:45:00.000,AtRecreation,10,2025-07-06T20:50:00.000,3,AtHome,3,AtHome,Going Back to Home,2025-07-06T20:50:00.000,2025-07-07T07:00:00.000,0,0,9603.20903477542,9599.20903477542,POINT (485547.33905596414 4421526.153604189),Apartment,0,None,None
1822,1,2025-07-06T23:05:00.000,AtRecreation,10,2025-07-06T23:10:00.000,2,AtHome,2,AtHome,Going Back to Home,2025-07-06T23:10:00.000,2025-07-07T07:50:00.000,0,0,10094.926618923047,10090.926618923047,POINT (487038.28498915996 4420353.145806744),Apartment,0,None,None
1823,2,2025-07-06T19:15:00.000,AtRestaurant,11,2025-07-06T19:25:00.000,1,AtHome,1,AtHome,Coming Back From Restaurant,2025-07-06T19:25:00.000,2025-07-07T07:55:00.000,0,0,11030.516472601297,11026.516472601297,POINT (485057.58590894594 4420442.765882327),Apartment,0,None,None
1823,4,2025-07-06T18:40:00.000,AtRestaurant,11,2025-07-06T18:50:00.000,0,AtHome,0,AtHome,Coming Back From Restaurant,2025-07-06T18:50:00.000,2025-07-07T07:55:00.000,0,0,10459.502137315563,10459.502137315563,POINT (483427.58001767774 4420738.353228444),Apartment,0,None,None
1824,3,2025-07-06T16:55:00.000,AtRestaurant,11,2025-07-06T17:00:00.000,0,AtHome,0,AtHome,Coming Back From Restaurant,2025-07-06T17:00:00.000,2025-07-07T08:00:00.000,0,0,10548.163008173637,10548.163008173637,POINT (483386.13406596635 4420756.4680047715),Apartment,0,None,None
1829,4,2025-07-07T07:55:00.000,AtHome,0,2025-07-07T08:05:00.000,11,AtRestaurant,11,AtRestaurant,Eating,2025-07-07T08:05:00.000,2025-07-07T08:25:00.000,0,0,10459.502137315563,10454.785832979704,POINT (483834.4909161149 4422719.660534676),Restaurant,0,None,None
1829,3,2025-07-07T08:00:00.000,AtHome,0,2025-07-07T08:05:00.000,11,AtRestaurant,11,AtRestaurant,Eating,2025-07-07T08:05:00.000,2025-07-07T08:25:00.000,0,0,10548.163008173637,10543.446703837777,POINT (483834.4909161149 4422719.660534676),Restaurant,0,None,None
1885,0,2025-07-07T07:00:00.000,AtHome,3,2025-07-07T07:05:00.000,9,AtWork,9,AtWork,Work/Home Commute,2025-07-07T07:05:00.000,2025-07-07T13:05:00.000,0,0,9599.20903477542,10199.20903477542,POINT (486971.8556855318 4422510.6889146175),Workplace,0,None,None
1885,1,2025-07-07T07:50:00.000,AtHome,2,2025-07-07T07:55:00.000,9,AtWork,9,AtWork,Work/Home Commute,2025-07-07T07:55:00.000,2025-07-07T13:05:00.000,0,0,10090.926618923047,10607.593285589714,POINT (486971.8556855318 4422510.6889146175),Workplace,0,None,None
1890,0,2025-07-07T13:05:00.000,AtWork,9,2025-07-07T13:10:00.000,11,AtRestaurant,11,AtRestaurant,Eating,2025-07-07T13:10:00.000,2025-07-07T13:30:00.000,0,0,10199.20903477542,10194.49273043956,POINT (483834.4909161149 4422719.660534676),Restaurant,0,None,None
1890,1,2025-07-07T13:05:00.000,AtWork,9,2025-07-07T13:10:00.000,11,AtRestaurant,11,AtRestaurant,Eating,2025-07-07T13:10:00.000,2025-07-07T13:30:00.000,0,0,10607.593285589714,10602.876981253854,POINT (483834.4909161149 4422719.660534676),Restaurant,0,None,None
1893,0,2025-07-07T13:30:00.000,AtRestaurant,11,2025-07-07T13:35:00.000,9,AtWork,9,AtWork,Coming Back From Restaurant,2025-07-07T13:35:00.000,2025-07-07T13:45:00.000,0,0,10194.49273043956,10211.159397106227,POINT (486971.8556855318 4422510.6889146175),Workplace,0,None,None
1895,0,2025-07-07T13:45:00.000,AtWork,9,2025-07-07T13:50:00.000,3,AtHome,3,AtHome,Work/Home Commute,2025-07-07T13:50:00.000,2025-07-07T13:55:00.000,0,0,10211.159397106227,10211.159397106227,POINT (485547.33905596414 4421526.153604189),Apartment,0,None,None
1896,2,2025-07-07T07:55:00.000,AtHome,1,2025-07-07T08:00:00.000,9,AtWork,9,AtWork,Work/Home Commute,2025-07-07T08:00:00.000,2025-07-07T14:00:00.000,0,0,11026.516472601297,11626.516472601297,POINT (486971.8556855318 4422510.6889146175),Workplace,0,None,None
1903,1,2025-07-07T13:30:00.000,AtRestaurant,11,2025-07-07T13:35:00.000,9,AtWork,9,AtWork,Coming Back From Restaurant,2025-07-07T13:35:00.000,2025-07-07T14:35:00.000,0,0,10602.876981253854,10702.876981253854,POINT (486971.8556855318 4422510.6889146175),Workplace,0,None,None
1905,1,2025-07-07T14:35:00.000,AtWork,9,2025-07-07T14:40:00.000,2,AtHome,2,AtHome,Work/Home Commute,2025-07-07T14:40:00.000,2025-07-07T14:45:00.000,0,0,10702.876981253854,10702.876981253854,POINT (487038.28498915996 4420353.145806744),Apartment,0,None,None
1913,0,2025-07-07T13:55:00.000,AtHome,3,2025-07-07T14:00:00.000,10,AtRecreation,10,AtRecreation,Recreation (Social Gathering),2025-07-07T14:00:00.000,2025-07-07T15:25:00.000,0,0,10211.159397106227,10194.630202007358,POINT (486194.0125563806 4421348.554417097),Pub,0,None,None
1915,0,2025-07-07T15:25:00.000,AtRecreation,10,2025-07-07T15:30:00.000,3,AtHome,3,AtHome,Going Back to Home,2025-07-07T15:30:00.000,2025-07-07T15:35:00.000,0,0,10194.630202007358,10194.630202007358,POINT (485547.33905596414 4421526.153604189),Apartment,0,None,None
1924,1,2025-07-07T14:45:00.000,AtHome,2,2025-07-07T14:50:00.000,10,AtRecreation,10,AtRecreation,Recreation (Social Gathering),2025-07-07T14:50:00.000,2025-07-07T16:20:00.000,0,0,10702.876981253854,10685.375480560933,POINT (486194.0125563806 4421348.554417097),Pub,0,None,None
1926,1,2025-07-07T16:20:00.000,AtRecreation,10,2025-07-07T16:25:00.000,2,AtHome,2,AtHome,Going Back to Home,2025-07-07T16:25:00.000,2025-07-07T16:30:00.000,0,0,10685.375480560933,10685.375480560933,POINT (487038.28498915996 4420353.145806744),Apartment,0,None,None
1926,3,2025-07-07T08:25:00.000,AtRestaurant,11,2025-07-07T08:30:00.000,0,AtHome,0,AtHome,Coming Back From Restaurant,2025-07-07T08:30:00.000,2025-07-07T16:30:00.000,0,0,10543.446703837777,10543.446703837777,POINT (483386.13406596635 4420756.4680047715),Apartment,0,None,None
1931,3,2025-07-07T16:30:00.000,AtHome,0,2025-07-07T16:35:00.000,11,AtRestaurant,11,AtRestaurant,Eating,2025-07-07T16:35:00.000,2025-07-07T16:55:00.000,0,0,10543.446703837777,10538.730399501917,POINT (483834.4909161149 4422719.660534676),Restaurant,0,None,None
1933,0,2025-07-07T15:35:00.000,AtHome,3,2025-07-07T15:40:00.000,10,AtRecreation,10,AtRecreation,Recreation (Social Gathering),2025-07-07T15:40:00.000,2025-07-07T17:05:00.000,0,0,10194.630202007358,10178.10100690849,POINT (486194.0125563806 4421348.554417097),Pub,0,None,None
1935,0,2025-07-07T17:05:00.000,AtRecreation,10,2025-07-07T17:10:00.000,3,AtHome,3,AtHome,Going Back to Home,2025-07-07T17:10:00.000,2025-07-07T17:15:00.000,0,0,10178.10100690849,10178.10100690849,POINT (485547.33905596414 4421526.153604189),Apartment,0,None,None
1946,1,2025-07-07T16:30:00.000,AtHome,2,2025-07-07T16:35:00.000,10,AtRecreation,10,AtRecreation,Recreation (Social Gathering),2025-07-07T16:35:00.000,2025-07-07T18:10:00.000,0,0,10685.375480560933,10666.901674273962,POINT (486194.0125563806 4421348.554417097),Pub,0,None,None
1946,4,2025-07-07T08:25:00.000,AtRestaurant,11,2025-07-07T08:35:00.000,0,AtHome,0,AtHome,Coming Back From Restaurant,2025-07-07T08:35:00.000,2025-07-07T18:10:00.000,0,0,10454.785832979704,10454.785832979704,POINT (483427.58001767774 4420738.353228444),Apartment,0,None,None
1948,1,2025-07-07T18:10:00.000,AtRecreation,10,2025-07-07T18:15:00.000,2,AtHome,2,AtHome,Going Back to Home,2025-07-07T18:15:00.000,2025-07-07T18:20:00.000,0,0,10666.901674273962,10666.901674273962,POINT (487038.28498915996 4420353.145806744),Apartment,0,None,None
1952,4,2025-07-07T18:10:00.000,AtHome,0,2025-07-07T18:20:00.000,11,AtRestaurant,11,AtRestaurant,Eating,2025-07-07T18:20:00.000,2025-07-07T18:40:00.000,0,0,10454.785832979704,10450.069528643844,POINT (483834.4909161149 4422719.660534676),Restaurant,0,None,None
1952,2,2025-07-07T14:00:00.000,AtWork,9,2025-07-07T14:05:00.000,1,AtHome,1,AtHome,Work/Home Commute,2025-07-07T14:05:00.000,2025-07-07T18:40:00.000,0,0,11626.516472601297,11626.516472601297,POINT (485057.58590894594 4420442.765882327),Apartment,0,None,None
1955,1,2025-07-07T18:20:00.000,AtHome,2,2025-07-07T18:25:00.000,10,AtRecreation,10,AtRecreation,Recreation (Social Gathering),2025-07-07T18:25:00.000,2025-07-07T18:55:00.000,0,0,10666.901674273962,10661.067840709655,POINT (486194.0125563806 4421348.554417097),Pub,0,None,None
1957,0,2025-07-07T17:15:00.000,AtHome,3,2025-07-07T17:20:00.000,10,AtRecreation,10,AtRecreation,Recreation (Social Gathering),2025-07-07T17:20:00.000,2025-07-07T19:05:00.000,0,0,10178.10100690849,10157.682589433416,POINT (486194.0125563806 4421348.554417097),Pub,0,None,None
1959,2,2025-07-07T18:40:00.000,AtHome,1,2025-07-07T18:55:00.000,11,AtRestaurant,11,AtRestaurant,Eating,2025-07-07T18:55:00.000,2025-07-07T19:15:00.000,0,0,11626.516472601297,11621.800168265438,POINT (483834.4909161149 4422719.660534676),Restaurant,0,None,None
1959,0,2025-07-07T19:05:00.000,AtRecreation,10,2025-07-07T19:10:00.000,3,AtHome,3,AtHome,Going Back to Home,2025-07-07T19:10:00.000,2025-07-07T19:15:00.000,0,0,10157.682589433416,10157.682589433416,POINT (485547.33905596414 4421526.153604189),Apartment,0,None,None
1960,1,2025-07-07T18:55:00.000,AtRecreation,10,2025-07-07T19:00:00.000,11,AtRestaurant,11,AtRestaurant,Eating,2025-07-07T19:00:00.000,2025-07-07T19:20:00.000,0,0,10661.067840709655,10656.351536373795,POINT (483834.4909161149 4422719.660534676),Restaurant,0,None,None
1965,0,2025-07-07T19:15:00.000,AtHome,3,2025-07-07T19:20:00.000,10,AtRecreation,10,AtRecreation,Recreation (Social Gathering),2025-07-07T19:20:00.000,2025-07-07T19:45:00.000,0,0,10157.682589433416,10152.82106146316,POINT (486194.0125563806 4421348.554417097),Pub,0,None,None
1965,1,2025-07-07T19:20:00.000,AtRestaurant,11,2025-07-07T19:25:00.000,10,AtRecreation,10,AtRecreation,Coming Back From Restaurant,2025-07-07T19:25:00.000,2025-07-07T19:45:00.000,0,0,10656.351536373795,10652.46231399759,POINT (486194.0125563806 4421348.554417097),Pub,0,None,None
1967,1,2025-07-07T19:45:00.000,AtRecreation,10,2025-07-07T19:50:00.000,2,AtHome,2,AtHome,Going Back to Home,2025-07-07T19:50:00.000,2025-07-07T19:55:00.000,0,0,10652.46231399759,10652.46231399759,POINT (487038.28498915996 4420353.145806744),Apartment,0,None,None
1970,0,2025-07-07T19:45:00.000,AtRecreation,10,2025-07-07T19:50:00.000,11,AtRestaurant,11,AtRestaurant,Eating,2025-07-07T19:50:00.000,2025-07-07T20:10:00.000,0,0,10152.82106146316,10148.104757127301,POINT (483834.4909161149 4422719.660534676),Restaurant,0,None,None
1975,0,2025-07-07T20:10:00.000,AtRestaurant,11,2025-07-07T20:15:00.000,10,AtRecreation,10,AtRecreation,Coming Back From Restaurant,2025-07-07T20:15:00.000,2025-07-07T20:35:00.000,0,0,10148.104757127301,10144.215534751096,POINT (486194.0125563806 4421348.554417097),Pub,0,None,None
1977,0,2025-07-07T20:35:00.000,AtRecreation,10,2025-07-07T20:40:00.000,3,AtHome,3,AtHome,Going Back to Home,2025-07-07T20:40:00.000,2025-07-07T20:45:00.000,0,0,10144.215534751096,10144.215534751096,POINT (485547.33905596414 4421526.153604189),Apartment,0,None,None
1991,1,2025-07-07T19:55:00.000,AtHome,2,2025-07-07T20:00:00.000,10,AtRecreation,10,AtRecreation,Recreation (Social Gathering),2025-07-07T20:00:00.000,2025-07-07T21:55:00.000,0,0,10652.46231399759,10630.099285334414,POINT (486194.0125563806 4421348.554417097),Pub,0,None,None
1993,1,2025-07-07T21:55:00.000,AtRecreation,10,2025-07-07T22:00:00.000,2,AtHome,2,AtHome,Going Back to Home,2025-07-07T22:00:00.000,2025-07-07T22:05:00.000,0,0,10630.099285334414,10630.099285334414,POINT (487038.28498915996 4420353.145806744),Apartment,0,None,None
2003,0,2025-07-07T20:45:00.000,AtHome,3,2025-07-07T20:50:00.000,10,AtRecreation,10,AtRecreation,Recreation (Social Gathering),2025-07-07T20:50:00.000,2025-07-07T22:55:00.000,0,0,10144.215534751096,10119.907894899818,POINT (486194.0125563806 4421348.554417097),Pub,0,None,None
2005,0,2025-07-07T22:55:00.000,AtRecreation,10,2025-07-07T23:00:00.000,3,AtHome,3,AtHome,Going Back to Home,2025-07-07T23:00:00.000,2025-07-07T23:05:00.000,0,0,10119.907894899818,10119.907894899818,POINT (485547.33905596414 4421526.153604189),Apartment,0,None,None
2005,1,2025-07-07T22:05:00.000,AtHome,2,2025-07-07T22:10:00.000,10,AtRecreation,10,AtRecreation,Recreation (Social Gathering),2025-07-07T22:10:00.000,2025-07-07T23:05:00.000,0,0,10630.099285334414,10619.403923799851,POINT (486194.0125563806 4421348.554417097),Pub,0,None,None
2012,0,2025-07-07T23:05:00.000,AtHome,3,2025-07-07T23:10:00.000,10,AtRecreation,10,AtRecreation,Recreation (Social Gathering),2025-07-07T23:10:00.000,2025-07-07T23:40:00.000,0,0,10119.907894899818,10114.07406133551,POINT (486194.0125563806 4421348.554417097),Pub,0,None,None
2100,0,2025-07-07T23:40:00.000,AtRecreation,10,2025-07-07T23:45:00.000,3,AtHome,3,AtHome,Going Back to Home,2025-07-07T23:45:00.000,2025-07-08T07:00:00.000,0,0,10114.07406133551,10110.07406133551,POINT (485547.33905596414 4421526.153604189),Apartment,0,None,None
2110,1,2025-07-07T23:05:00.000,AtRecreation,10,2025-07-07T23:10:00.000,2,AtHome,2,AtHome,Going Back to Home,2025-07-07T23:10:00.000,2025-07-08T07:50:00.000,0,0,10619.403923799851,10615.403923799851,POINT (487038.28498915996 4420353.145806744),Apartment,0,None,None
2111,2,2025-07-07T19:15:00.000,AtRestaurant,11,2025-07-07T19:25:00.000,1,AtHome,1,AtHome,Coming Back From Restaurant,2025-07-07T19:25:00.000,2025-07-08T07:55:00.000,0,0,11621.800168265438,11617.800168265438,POINT (485057.58590894594 4420442.765882327),Apartment,0,None,None
2111,4,2025-07-07T18:40:00.000,AtRestaurant,11,2025-07-07T18:50:00.000,0,AtHome,0,AtHome,Coming Back From Restaurant,2025-07-07T18:50:00.000,2025-07-08T07:55:00.000,0,0,10450.069528643844,10450.069528643844,POINT (483427.58001767774 4420738.353228444),Apartment,0,None,None
2112,3,2025-07-07T16:55:00.000,AtRestaurant,11,2025-07-07T17:00:00.000,0,AtHome,0,AtHome,Coming Back From Restaurant,2025-07-07T17:00:00.000,2025-07-08T08:00:00.000,0,0,10538.730399501917,10538.730399501917,POINT (483386.13406596635 4420756.4680047715),Apartment,0,None,None
2117,4,2025-07-08T07:55:00.000,AtHome,0,2025-07-08T08:05:00.000,11,AtRestaurant,11,AtRestaurant,Eating,2025-07-08T08:05:00.000,2025-07-08T08:25:00.000,0,0,10450.069528643844,10445.353224307984,POINT (483834.4909161149 4422719.660534676),Restaurant,0,None,None
2117,3,2025-07-08T08:00:00.000,AtHome,0,2025-07-08T08:05:00.000,11,AtRestaurant,11,AtRestaurant,Eating,2025-07-08T08:05:00.000,2025-07-08T08:25:00.000,0,0,10538.730399501917,10534.014095166058,POINT (483834.4909161149 4422719.660534676),Restaurant,0,None,None
2173,1,2025-07-08T07:50:00.000,AtHome,2,2025-07-08T07:55:00.000,9,AtWork,9,AtWork,Work/Home Commute,2025-07-08T07:55:00.000,2025-07-08T13:05:00.000,0,0,10615.403923799851,11132.070590466517,POINT (486971.8556855318 4422510.6889146175),Workplace,0,None,None
2173,0,2025-07-08T07:00:00.000,AtHome,3,2025-07-08T07:05:00.000,9,AtWork,9,AtWork,Work/Home Commute,2025-07-08T07:05:00.000,2025-07-08T13:05:00.000,0,0,10110.07406133551,10710.07406133551,POINT (486971.8556855318 4422510.6889146175),Workplace,0,None,None
2178,1,2025-07-08T13:05:00.000,AtWork,9,2025-07-08T13:10:00.000,11,AtRestaurant,11,AtRestaurant,Eating,2025-07-08T13:10:00.000,2025-07-08T13:30:00.000,0,0,11132.070590466517,11127.354286130658,POINT (483834.4909161149 4422719.660534676),Restaurant,0,None,None
2178,0,2025-07-08T13:05:00.000,AtWork,9,2025-07-08T13:10:00.000,11,AtRestaurant,11,AtRestaurant,Eating,2025-07-08T13:10:00.000,2025-07-08T13:30:00.000,0,0,10710.07406133551,10705.35775699965,POINT (483834.4909161149 4422719.660534676),Restaurant,0,None,None
2181,0,2025-07-08T13:30:00.000,AtRestaurant,11,2025-07-08T13:35:00.000,9,AtWork,9,AtWork,Coming Back From Restaurant,2025-07-08T13:35:00.000,2025-07-08T13:45:00.000,0,0,10705.35775699965,10722.024423666317,POINT (486971.8556855318 4422510.6889146175),Workplace,0,None,None
2183,0,2025-07-08T13:45:00.000,AtWork,9,2025-07-08T13:50:00.000,3,AtHome,3,AtHome,Work/Home Commute,2025-07-08T13:50:00.000,2025-07-08T13:55:00.000,0,0,10722.024423666317,10722.024423666317,POINT (485547.33905596414 4421526.153604189),Apartment,0,None,None
2184,2,2025-07-08T07:55:00.000,AtHome,1,2025-07-08T08:00:00.000,9,AtWork,9,AtWork,Work/Home Commute,2025-07-08T08:00:00.000,2025-07-08T14:00:00.000,0,0,11617.800168265438,12217.800168265438,POINT (486971.8556855318 4422510.6889146175),Workplace,0,None,None
2191,1,2025-07-08T13:30:00.000,AtRestaurant,11,2025-07-08T13:35:00.000,9,AtWork,9,AtWork,Coming Back From Restaurant,2025-07-08T13:35:00.000,2025-07-08T14:35:00.000,0,0,11127.354286130658,11227.354286130658,POINT (486971.8556855318 4422510.6889146175),Workplace,0,None,None
2193,1,2025-07-08T14:35:00.000,AtWork,9,2025-07-08T14:40:00.000,2,AtHome,2,AtHome,Work/Home Commute,2025-07-08T14:40:00.000,2025-07-08T14:45:00.000,0,0,11227.354286130658,11227.354286130658,POINT (487038.28498915996 4420353.145806744),Apartment,0,None,None
2208,0,2025-07-08T13:55:00.000,AtHome,3,2025-07-08T14:00:00.000,10,AtRecreation,10,AtRecreation,Recreation (Social Gathering),2025-07-08T14:00:00.000,2025-07-08T16:00:00.000,0,0,10722.024423666317,10698.68908940909,POINT (486194.0125563806 4421348.554417097),Pub,0,None,None
2210,0,2025-07-08T16:00:00.000,AtRecreation,10,2025-07-08T16:05:00.000,3,AtHome,3,AtHome,Going Back to Home,2025-07-08T16:05:00.000,2025-07-08T16:10:00.000,0,0,10698.68908940909,10698.68908940909,POINT (485547.33905596414 4421526.153604189),Apartment,0,None,None
2211,1,2025-07-08T14:45:00.000,AtHome,2,2025-07-08T14:50:00.000,10,AtRecreation,10,AtRecreation,Recreation (Social Gathering),2025-07-08T14:50:00.000,2025-07-08T16:15:00.000,0,0,11227.354286130658,11210.82509103179,POINT (486194.0125563806 4421348.554417097),Pub,0,None,None
2213,1,2025-07-08T16:15:00.000,AtRecreation,10,2025-07-08T16:20:00.000,2,AtHome,2,AtHome,Going Back to Home,2025-07-08T16:20:00.000,2025-07-08T16:25:00.000,0,0,11210.82509103179,11210.82509103179,POINT (487038.28498915996 4420353.145806744),Apartment,0,None,None
2214,3,2025-07-08T08:25:00.000,AtRestaurant,11,2025-07-08T08:30:00.000,0,AtHome,0,AtHome,Coming Back From Restaurant,2025-07-08T08:30:00.000,2025-07-08T16:30:00.000,0,0,10534.014095166058,10534.014095166058,POINT (483386.13406596635 4420756.4680047715),Apartment,0,None,None
2219,3,2025-07-08T16:30:00.000,AtHome,0,2025-07-08T16:35:00.000,11,AtRestaurant,11,AtRestaurant,Eating,2025-07-08T16:35:00.000,2025-07-08T16:55:00.000,0,0,10534.014095166058,10529.297790830198,POINT (483834.4909161149 4422719.660534676),Restaurant,0,None,None
2233,0,2025-07-08T16:10:00.000,AtHome,3,2025-07-08T16:15:00.000,10,AtRecreation,10,AtRecreation,Recreation (Social Gathering),2025-07-08T16:15:00.000,2025-07-08T18:05:00.000,0,0,10698.68908940909,10677.298366339965,POINT (486194.0125563806 4421348.554417097),Pub,0,None,None
2234,4,2025-07-08T08:25:00.000,AtRestaurant,11,2025-07-08T08:35:00.000,0,AtHome,0,AtHome,Coming Back From Restaurant,2025-07-08T08:35:00.000,2025-07-08T18:10:00.000,0,0,10445.353224307984,10445.353224307984,POINT (483427.58001767774 4420738.353228444),Apartment,0,None,None
2235,0,2025-07-08T18:05:00.000,AtRecreation,10,2025-07-08T18:10:00.000,3,AtHome,3,AtHome,Going Back to Home,2025-07-08T18:10:00.000,2025-07-08T18:15:00.000,0,0,10677.298366339965,10677.298366339965,POINT (485547.33905596414 4421526.153604189),Apartment,0,None,None
2240,4,2025-07-08T18:10:00.000,AtHome,0,2025-07-08T18:20:00.000,11,AtRestaurant,11,AtRestaurant,Eating,2025-07-08T18:20:00.000,2025-07-08T18:40:00.000,0,0,10445.353224307984,10440.636919972125,POINT (483834.4909161149 4422719.660534676),Restaurant,0,None,None
2243,1,2025-07-08T16:25:00.000,AtHome,2,2025-07-08T16:30:00.000,10,AtRecreation,10,AtRecreation,Recreation (Social Gathering),2025-07-08T16:30:00.000,2025-07-08T18:55:00.000,0,0,11210.82509103179,11182.628228804306,POINT (486194.0125563806 4421348.554417097),Pub,0,None,None
2248,1,2025-07-08T18:55:00.000,AtRecreation,10,2025-07-08T19:00:00.000,11,AtRestaurant,11,AtRestaurant,Eating,2025-07-08T19:00:00.000,2025-07-08T19:20:00.000,0,0,11182.628228804306,11177.911924468446,POINT (483834.4909161149 4422719.660534676),Restaurant,0,None,None
2253,1,2025-07-08T19:20:00.000,AtRestaurant,11,2025-07-08T19:25:00.000,10,AtRecreation,10,AtRecreation,Coming Back From Restaurant,2025-07-08T19:25:00.000,2025-07-08T19:45:00.000,0,0,11177.911924468446,11174.022702092241,POINT (486194.0125563806 4421348.554417097),Pub,0,None,None
2253,0,2025-07-08T18:15:00.000,AtHome,3,2025-07-08T18:20:00.000,10,AtRecreation,10,AtRecreation,Recreation (Social Gathering),2025-07-08T18:20:00.000,2025-07-08T19:45:00.000,0,0,10677.298366339965,10660.769171241096,POINT (486194.0125563806 4421348.554417097),Pub,0,None,None
2255,1,2025-07-08T19:45:00.000,AtRecreation,10,2025-07-08T19:50:00.000,2,AtHome,2,AtHome,Going Back to Home,2025-07-08T19:50:00.000,2025-07-08T19:55:00.000,0,0,11174.022702092241,11174.022702092241,POINT (487038.28498915996 4420353.145806744),Apartment,0,None,None
2258,0,2025-07-08T19:45:00.000,AtRecreation,10,2025-07-08T19:50:00.000,11,AtRestaurant,11,AtRestaurant,Eating,2025-07-08T19:50:00.000,2025-07-08T20:10:00.000,0,0,10660.769171241096,10656.052866905236,POINT (483834.4909161149 4422719.660534676),Restaurant,0,None,None
2263,0,2025-07-08T20:10:00.000,AtRestaurant,11,2025-07-08T20:15:00.000,10,AtRecreation,10,AtRecreation,Coming Back From Restaurant,2025-07-08T20:15:00.000,2025-07-08T20:35:00.000,0,0,10656.052866905236,10652.163644529031,POINT (486194.0125563806 4421348.554417097),Pub,0,None,None
2265,0,2025-07-08T20:35:00.000,AtRecreation,10,2025-07-08T20:40:00.000,3,AtHome,3,AtHome,Going Back to Home,2025-07-08T20:40:00.000,2025-07-08T20:45:00.000,0,0,10652.163644529031,10652.163644529031,POINT (485547.33905596414 4421526.153604189),Apartment,0,None,None
2274,1,2025-07-08T19:55:00.000,AtHome,2,2025-07-08T20:00:00.000,10,AtRecreation,10,AtRecreation,Recreation (Social Gathering),2025-07-08T20:00:00.000,2025-07-08T21:30:00.000,0,0,11174.022702092241,11156.52120139932,POINT (486194.0125563806 4421348.554417097),Pub,0,None,None
2276,1,2025-07-08T21:30:00.000,AtRecreation,10,2025-07-08T21:35:00.000,2,AtHome,2,AtHome,Going Back to Home,2025-07-08T21:35:00.000,2025-07-08T21:40:00.000,0,0,11156.52120139932,11156.52120139932,POINT (487038.28498915996 4420353.145806744),Apartment,0,None,None
2293,1,2025-07-08T21:40:00.000,AtHome,2,2025-07-08T21:45:00.000,10,AtRecreation,10,AtRecreation,Recreation (Social Gathering),2025-07-08T21:45:00.000,2025-07-08T23:05:00.000,0,0,11156.52120139932,11140.964311894502,POINT (486194.0125563806 4421348.554417097),Pub,0,None,None
2296,0,2025-07-08T20:45:00.000,AtHome,3,2025-07-08T20:50:00.000,10,AtRecreation,10,AtRecreation,Recreation (Social Gathering),2025-07-08T20:50:00.000,2025-07-08T23:20:00.000,0,0,10652.163644529031,10622.994476707498,POINT (486194.0125563806 4421348.554417097),Pub,0,None,None
2298,0,2025-07-08T23:20:00.000,AtRecreation,10,2025-07-08T23:25:00.000,3,AtHome,3,AtHome,Going Back to Home,2025-07-08T23:25:00.000,2025-07-08T23:30:00.000,0,0,10622.994476707498,10622.994476707498,POINT (485547.33905596414 4421526.153604189),Apartment,0,None,None
2300,0,2025-07-08T23:30:00.000,AtHome,3,2025-07-08T23:35:00.000,10,AtRecreation,10,AtRecreation,Recreation (Social Gathering),2025-07-08T23:35:00.000,2025-07-08T23:40:00.000,0,0,10622.994476707498,10622.022171113447,POINT (486194.0125563806 4421348.554417097),Pub,0,None,None
2388,0,2025-07-08T23:40:00.000,AtRecreation,10,2025-07-08T23:45:00.000,3,AtHome,3,AtHome,Going Back to Home,2025-07-08T23:45:00.000,2025-07-09T07:00:00.000,0,0,10622.022171113447,10618.022171113447,POINT (485547.33905596414 4421526.153604189),Apartment,0,None,None
2398,1,2025-07-08T23:05:00.000,AtRecreation,10,2025-07-08T23:10:00.000,2,AtHome,2,AtHome,Going Back to Home,2025-07-08T23:10:00.000,2025-07-09T07:50:00.000,0,0,11140.964311894502,11136.964311894502,POINT (487038.28498915996 4420353.145806744),Apartment,0,None,None
2399,2,2025-07-08T14:00:00.000,AtWork,9,2025-07-08T14:05:00.000,1,AtHome,1,AtHome,Work/Home Commute,2025-07-08T14:05:00.000,2025-07-09T07:55:00.000,0,0,12217.800168265438,12209.800168265438,POINT (485057.58590894594 4420442.765882327),Apartment,0,None,None
2399,4,2025-07-08T18:40:00.000,AtRestaurant,11,2025-07-08T18:50:00.000,0,AtHome,0,AtHome,Coming Back From Restaurant,2025-07-08T18:50:00.000,2025-07-09T07:55:00.000,0,0,10440.636919972125,10440.636919972125,POINT (483427.58001767774 4420738.353228444),Apartment,0,None,None
2400,3,2025-07-08T16:55:00.000,AtRestaurant,11,2025-07-08T17:00:00.000,0,AtHome,0,AtHome,Coming Back From Restaurant,2025-07-08T17:00:00.000,2025-07-09T08:00:00.000,0,0,10529.297790830198,10529.297790830198,POINT (483386.13406596635 4420756.4680047715),Apartment,0,None,None
2405,4,2025-07-09T07:55:00.000,AtHome,0,2025-07-09T08:05:00.000,11,AtRestaurant,11,AtRestaurant,Eating,2025-07-09T08:05:00.000,2025-07-09T08:25:00.000,0,0,10440.636919972125,10435.920615636265,POINT (483834.4909161149 4422719.660534676),Restaurant,0,None,None
2405,3,2025-07-09T08:00:00.000,AtHome,0,2025-07-09T08:05:00.000,11,AtRestaurant,11,AtRestaurant,Eating,2025-07-09T08:05:00.000,2025-07-09T08:25:00.000,0,0,10529.297790830198,10524.581486494339,POINT (483834.4909161149 4422719.660534676),Restaurant,0,None,None
2461,0,2025-07-09T07:00:00.000,AtHome,3,2025-07-09T07:05:00.000,9,AtWork,9,AtWork,Work/Home Commute,2025-07-09T07:05:00.000,2025-07-09T13:05:00.000,0,0,10618.022171113447,11218.022171113447,POINT (486971.8556855318 4422510.6889146175),Workplace,0,None,None
2461,1,2025-07-09T07:50:00.000,AtHome,2,2025-07-09T07:55:00.000,9,AtWork,9,AtWork,Work/Home Commute,2025-07-09T07:55:00.000,2025-07-09T13:05:00.000,0,0,11136.964311894502,11653.630978561168,POINT (486971.8556855318 4422510.6889146175),Workplace,0,None,None
2466,0,2025-07-09T13:05:00.000,AtWork,9,2025-07-09T13:10:00.000,11,AtRestaurant,11,AtRestaurant,Eating,2025-07-09T13:10:00.000,2025-07-09T13:30:00.000,0,0,11218.022171113447,11213.305866777588,POINT (483834.4909161149 4422719.660534676),Restaurant,0,None,None
2466,1,2025-07-09T13:05:00.000,AtWork,9,2025-07-09T13:10:00.000,11,AtRestaurant,11,AtRestaurant,Eating,2025-07-09T13:10:00.000,2025-07-09T13:30:00.000,0,0,11653.630978561168,11648.914674225309,POINT (483834.4909161149 4422719.660534676),Restaurant,0,None,None
2469,0,2025-07-09T13:30:00.000,AtRestaurant,11,2025-07-09T13:35:00.000,9,AtWork,9,AtWork,Coming Back From Restaurant,2025-07-09T13:35:00.000,2025-07-09T13:45:00.000,0,0,11213.305866777588,11229.972533444254,POINT (486971.8556855318 4422510.6889146175),Workplace,0,None,None
2471,0,2025-07-09T13:45:00.000,AtWork,9,2025-07-09T13:50:00.000,3,AtHome,3,AtHome,Work/Home Commute,2025-07-09T13:50:00.000,2025-07-09T13:55:00.000,0,0,11229.972533444254,11229.972533444254,POINT (485547.33905596414 4421526.153604189),Apartment,0,None,None
2472,2,2025-07-09T07:55:00.000,AtHome,1,2025-07-09T08:00:00.000,9,AtWork,9,AtWork,Work/Home Commute,2025-07-09T08:00:00.000,2025-07-09T14:00:00.000,0,0,12209.800168265438,12809.800168265438,POINT (486971.8556855318 4422510.6889146175),Workplace,0,None,None
2479,1,2025-07-09T13:30:00.000,AtRestaurant,11,2025-07-09T13:35:00.000,9,AtWork,9,AtWork,Coming Back From Restaurant,2025-07-09T13:35:00.000,2025-07-09T14:35:00.000,0,0,11648.914674225309,11748.914674225309,POINT (486971.8556855318 4422510.6889146175),Workplace,0,None,None
2481,1,2025-07-09T14:35:00.000,AtWork,9,2025-07-09T14:40:00.000,2,AtHome,2,AtHome,Work/Home Commute,2025-07-09T14:40:00.000,2025-07-09T14:45:00.000,0,0,11748.914674225309,11748.914674225309,POINT (487038.28498915996 4420353.145806744),Apartment,0,None,None
2493,0,2025-07-09T13:55:00.000,AtHome,3,2025-07-09T14:00:00.000,10,AtRecreation,10,AtRecreation,Recreation (Social Gathering),2025-07-09T14:00:00.000,2025-07-09T15:45:00.000,0,0,11229.972533444254,11209.55411596918,POINT (486194.0125563806 4421348.554417097),Pub,0,None,None
2495,0,2025-07-09T15:45:00.000,AtRecreation,10,2025-07-09T15:50:00.000,3,AtHome,3,AtHome,Going Back to Home,2025-07-09T15:50:00.000,2025-07-09T15:55:00.000,0,0,11209.55411596918,11209.55411596918,POINT (485547.33905596414 4421526.153604189),Apartment,0,None,None
2502,3,2025-07-09T08:25:00.000,AtRestaurant,11,2025-07-09T08:30:00.000,0,AtHome,0,AtHome,Coming Back From Restaurant,2025-07-09T08:30:00.000,2025-07-09T16:30:00.000,0,0,10524.581486494339,10524.581486494339,POINT (483386.13406596635 4420756.4680047715),Apartment,0,None,None
2503,1,2025-07-09T14:45:00.000,AtHome,2,2025-07-09T14:50:00.000,10,AtRecreation,10,AtRecreation,Recreation (Social Gathering),2025-07-09T14:50:00.000,2025-07-09T16:35:00.000,0,0,11748.914674225309,11728.496256750235,POINT (486194.0125563806 4421348.554417097),Pub,0,None,None
2505,1,2025-07-09T16:35:00.000,AtRecreation,10,2025-07-09T16:40:00.000,2,AtHome,2,AtHome,Going Back to Home,2025-07-09T16:40:00.000,2025-07-09T16:45:00.000,0,0,11728.496256750235,11728.496256750235,POINT (487038.28498915996 4420353.145806744),Apartment,0,None,None
2507,3,2025-07-09T16:30:00.000,AtHome,0,2025-07-09T16:35:00.000,11,AtRestaurant,11,AtRestaurant,Eating,2025-07-09T16:35:00.000,2025-07-09T16:55:00.000,0,0,10524.581486494339,10519.865182158479,POINT (483834.4909161149 4422719.660534676),Restaurant,0,None,None
2513,0,2025-07-09T15:55:00.000,AtHome,3,2025-07-09T16:00:00.000,10,AtRecreation,10,AtRecreation,Recreation (Social Gathering),2025-07-09T16:00:00.000,2025-07-09T17:25:00.000,0,0,11209.55411596918,11193.024920870312,POINT (486194.0125563806 4421348.554417097),Pub,0,None,None
2515,0,2025-07-09T17:25:00.000,AtRecreation,10,2025-07-09T17:30:00.000,3,AtHome,3,AtHome,Going Back to Home,2025-07-09T17:30:00.000,2025-07-09T17:35:00.000,0,0,11193.024920870312,11193.024920870312,POINT (485547.33905596414 4421526.153604189),Apartment,0,None,None
2522,4,2025-07-09T08:25:00.000,AtRestaurant,11,2025-07-09T08:35:00.000,0,AtHome,0,AtHome,Coming Back From Restaurant,2025-07-09T08:35:00.000,2025-07-09T18:10:00.000,0,0,10435.920615636265,10435.920615636265,POINT (483427.58001767774 4420738.353228444),Apartment,0,None,None
2524,1,2025-07-09T16:45:00.000,AtHome,2,2025-07-09T16:50:00.000,10,AtRecreation,10,AtRecreation,Recreation (Social Gathering),2025-07-09T16:50:00.000,2025-07-09T18:20:00.000,0,0,11728.496256750235,11710.994756057315,POINT (486194.0125563806 4421348.554417097),Pub,0,None,None
2526,1,2025-07-09T18:20:00.000,AtRecreation,10,2025-07-09T18:25:00.000,2,AtHome,2,AtHome,Going Back to Home,2025-07-09T18:25:00.000,2025-07-09T18:30:00.000,0,0,11710.994756057315,11710.994756057315,POINT (487038.28498915996 4420353.145806744),Apartment,0,None,None
2528,4,2025-07-09T18:10:00.000,AtHome,0,2025-07-09T18:20:00.000,11,AtRestaurant,11,AtRestaurant,Eating,2025-07-09T18:20:00.000,2025-07-09T18:40:00.000,0,0,10435.920615636265,10431.204311300406,POINT (483834.4909161149 4422719.660534676),Restaurant,0,None,None
2528,2,2025-07-09T14:00:00.000,AtWork,9,2025-07-09T14:05:00.000,1,AtHome,1,AtHome,Work/Home Commute,2025-07-09T14:05:00.000,2025-07-09T18:40:00.000,0,0,12809.800168265438,12809.800168265438,POINT (485057.58590894594 4420442.765882327),Apartment,0,None,None
2531,1,2025-07-09T18:30:00.000,AtHome,2,2025-07-09T18:35:00.000,10,AtRecreation,10,AtRecreation,Recreation (Social Gathering),2025-07-09T18:35:00.000,2025-07-09T18:55:00.000,0,0,11710.994756057315,11707.10553368111,POINT (486194.0125563806 4421348.554417097),Pub,0,None,None
2535,2,2025-07-09T18:40:00.000,AtHome,1,2025-07-09T18:55:00.000,11,AtRestaurant,11,AtRestaurant,Eating,2025-07-09T18:55:00.000,2025-07-09T19:15:00.000,0,0,12809.800168265438,12805.083863929578,POINT (483834.4909161149 4422719.660534676),Restaurant,0,None,None
2535,0,2025-07-09T17:35:00.000,AtHome,3,2025-07-09T17:40:00.000,10,AtRecreation,10,AtRecreation,Recreation (Social Gathering),2025-07-09T17:40:00.000,2025-07-09T19:15:00.000,0,0,11193.024920870312,11174.55111458334,POINT (486194.0125563806 4421348.554417097),Pub,0,None,None
2536,1,2025-07-09T18:55:00.000,AtRecreation,10,2025-07-09T19:00:00.000,11,AtRestaurant,11,AtRestaurant,Eating,2025-07-09T19:00:00.000,2025-07-09T19:20:00.000,0,0,11707.10553368111,11702.38922934525,POINT (483834.4909161149 4422719.660534676),Restaurant,0,None,None
2537,0,2025-07-09T19:15:00.000,AtRecreation,10,2025-07-09T19:20:00.000,3,AtHome,3,AtHome,Going Back to Home,2025-07-09T19:20:00.000,2025-07-09T19:25:00.000,0,0,11174.55111458334,11174.55111458334,POINT (485547.33905596414 4421526.153604189),Apartment,0,None,None
2541,1,2025-07-09T19:20:00.000,AtRestaurant,11,2025-07-09T19:25:00.000,10,AtRecreation,10,AtRecreation,Coming Back From Restaurant,2025-07-09T19:25:00.000,2025-07-09T19:45:00.000,0,0,11702.38922934525,11698.500006969045,POINT (486194.0125563806 4421348.554417097),Pub,0,None,None
2541,0,2025-07-09T19:25:00.000,AtHome,3,2025-07-09T19:30:00.000,10,AtRecreation,10,AtRecreation,Recreation (Social Gathering),2025-07-09T19:30:00.000,2025-07-09T19:45:00.000,0,0,11174.55111458334,11171.634197801188,POINT (486194.0125563806 4421348.554417097),Pub,0,None,None
2543,1,2025-07-09T19:45:00.000,AtRecreation,10,2025-07-09T19:50:00.000,2,AtHome,2,AtHome,Going Back to Home,2025-07-09T19:50:00.000,2025-07-09T19:55:00.000,0,0,11698.500006969045,11698.500006969045,POINT (487038.28498915996 4420353.145806744),Apartment,0,None,None
2546,0,2025-07-09T19:45:00.000,AtRecreation,10,2025-07-09T19:50:00.000,11,AtRestaurant,11,AtRestaurant,Eating,2025-07-09T19:50:00.000,2025-07-09T20:10:00.000,0,0,11171.634197801188,11166.917893465328,POINT (483834.4909161149 4422719.660534676),Restaurant,0,None,None
2551,0,2025-07-09T20:10:00.000,AtRestaurant,11,2025-07-09T20:15:00.000,10,AtRecreation,10,AtRecreation,Coming Back From Restaurant,2025-07-09T20:15:00.000,2025-07-09T20:35:00.000,0,0,11166.917893465328,11163.028671089123,POINT (486194.0125563806 4421348.554417097),Pub,0,None,None
2553,0,2025-07-09T20:35:00.000,AtRecreation,10,2025-07-09T20:40:00.000,3,AtHome,3,AtHome,Going Back to Home,2025-07-09T20:40:00.000,2025-07-09T20:45:00.000,0,0,11163.028671089123,11163.028671089123,POINT (485547.33905596414 4421526.153604189),Apartment,0,None,None
2568,0,2025-07-09T20:45:00.000,AtHome,3,2025-07-09T20:50:00.000,10,AtRecreation,10,AtRecreation,Recreation (Social Gathering),2025-07-09T20:50:00.000,2025-07-09T22:00:00.000,0,0,11163.028671089123,11149.416392772408,POINT (486194.0125563806 4421348.554417097),Pub,0,None,None
2570,0,2025-07-09T22:00:00.000,AtRecreation,10,2025-07-09T22:05:00.000,3,AtHome,3,AtHome,Going Back to Home,2025-07-09T22:05:00.000,2025-07-09T22:10:00.000,0,0,11149.416392772408,11149.416392772408,POINT (485547.33905596414 4421526.153604189),Apartment,0,None,None
2571,1,2025-07-09T19:55:00.000,AtHome,2,2025-07-09T20:00:00.000,10,AtRecreation,10,AtRecreation,Recreation (Social Gathering),2025-07-09T20:00:00.000,2025-07-09T22:15:00.000,0,0,11698.500006969045,11672.247755929664,POINT (486194.0125563806 4421348.554417097),Pub,0,None,None
2573,1,2025-07-09T22:15:00.000,AtRecreation,10,2025-07-09T22:20:00.000,2,AtHome,2,AtHome,Going Back to Home,2025-07-09T22:20:00.000,2025-07-09T22:25:00.000,0,0,11672.247755929664,11672.247755929664,POINT (487038.28498915996 4420353.145806744),Apartment,0,None,None
2581,1,2025-07-09T22:25:00.000,AtHome,2,2025-07-09T22:30:00.000,10,AtRecreation,10,AtRecreation,Recreation (Social Gathering),2025-07-09T22:30:00.000,2025-07-09T23:05:00.000,0,0,11672.247755929664,11665.441616771306,POINT (486194.0125563806 4421348.554417097),Pub,0,None,None
2588,0,2025-07-09T22:10:00.000,AtHome,3,2025-07-09T22:15:00.000,10,AtRecreation,10,AtRecreation,Recreation (Social Gathering),2025-07-09T22:15:00.000,2025-07-09T23:40:00.000,0,0,11149.416392772408,11132.887197673539,POINT (486194.0125563806 4421348.554417097),Pub,0,None,None
2676,0,2025-07-09T23:40:00.000,AtRecreation,10,2025-07-09T23:45:00.000,3,AtHome,3,AtHome,Going Back to Home,2025-07-09T23:45:00.000,2025-07-10T07:00:00.000,0,0,11132.887197673539,11128.887197673539,POINT (485547.33905596414 4421526.153604189),Apartment,0,None,None
2686,1,2025-07-09T23:05:00.000,AtRecreation,10,2025-07-09T23:10:00.000,2,AtHome,2,AtHome,Going Back to Home,2025-07-09T23:10:00.000,2025-07-10T07:50:00.000,0,0,11665.441616771306,11661.441616771306,POINT (487038.28498915996 4420353.145806744),Apartment,0,None,None
2687,2,2025-07-09T19:15:00.000,AtRestaurant,11,2025-07-09T19:25:00.000,1,AtHome,1,AtHome,Coming Back From Restaurant,2025-07-09T19:25:00.000,2025-07-10T07:55:00.000,0,0,12805.083863929578,12801.083863929578,POINT (485057.58590894594 4420442.765882327),Apartment,0,None,None
2687,4,2025-07-09T18:40:00.000,AtRestaurant,11,2025-07-09T18:50:00.000,0,AtHome,0,AtHome,Coming Back From Restaurant,2025-07-09T18:50:00.000,2025-07-10T07:55:00.000,0,0,10431.204311300406,10431.204311300406,POINT (483427.58001767774 4420738.353228444),Apartment,0,None,None
2688,3,2025-07-09T16:55:00.000,AtRestaurant,11,2025-07-09T17:00:00.000,0,AtHome,0,AtHome,Coming Back From Restaurant,2025-07-09T17:00:00.000,2025-07-10T08:00:00.000,0,0,10519.865182158479,10519.865182158479,POINT (483386.13406596635 4420756.4680047715),Apartment,0,None,None
2693,4,2025-07-10T07:55:00.000,AtHome,0,2025-07-10T08:05:00.000,11,AtRestaurant,11,AtRestaurant,Eating,2025-07-10T08:05:00.000,2025-07-10T08:25:00.000,0,0,10431.204311300406,10426.488006964546,POINT (483834.4909161149 4422719.660534676),Restaurant,0,None,None
2693,3,2025-07-10T08:00:00.000,AtHome,0,2025-07-10T08:05:00.000,11,AtRestaurant,11,AtRestaurant,Eating,2025-07-10T08:05:00.000,2025-07-10T08:25:00.000,0,0,10519.865182158479,10515.14887782262,POINT (483834.4909161149 4422719.660534676),Restaurant,0,None,None
2749,1,2025-07-10T07:50:00.000,AtHome,2,2025-07-10T07:55:00.000,9,AtWork,9,AtWork,Work/Home Commute,2025-07-10T07:55:00.000,2025-07-10T13:05:00.000,0,0,11661.441616771306,12178.108283437972,POINT (486971.8556855318 4422510.6889146175),Workplace,0,None,None
2749,0,2025-07-10T07:00:00.000,AtHome,3,2025-07-10T07:05:00.000,9,AtWork,9,AtWork,Work/Home Commute,2025-07-10T07:05:00.000,2025-07-10T13:05:00.000,0,0,11128.887197673539,11728.887197673539,POINT (486971.8556855318 4422510.6889146175),Workplace,0,None,None
2754,0,2025-07-10T13:05:00.000,AtWork,9,2025-07-10T13:10:00.000,11,AtRestaurant,11,AtRestaurant,Eating,2025-07-10T13:10:00.000,2025-07-10T13:30:00.000,0,0,11728.887197673539,11724.17089333768,POINT (483834.4909161149 4422719.660534676),Restaurant,0,None,None
2754,1,2025-07-10T13:05:00.000,AtWork,9,2025-07-10T13:10:00.000,11,AtRestaurant,11,AtRestaurant,Eating,2025-07-10T13:10:00.000,2025-07-10T13:30:00.000,0,0,12178.108283437972,12173.391979102113,POINT (483834.4909161149 4422719.660534676),Restaurant,0,None,None
2757,0,2025-07-10T13:30:00.000,AtRestaurant,11,2025-07-10T13:35:00.000,9,AtWork,9,AtWork,Coming Back From Restaurant,2025-07-10T13:35:00.000,2025-07-10T13:45:00.000,0,0,11724.17089333768,11740.837560004346,POINT (486971.8556855318 4422510.6889146175),Workplace,0,None,None
2759,0,2025-07-10T13:45:00.000,AtWork,9,2025-07-10T13:50:00.000,3,AtHome,3,AtHome,Work/Home Commute,2025-07-10T13:50:00.000,2025-07-10T13:55:00.000,0,0,11740.837560004346,11740.837560004346,POINT (485547.33905596414 4421526.153604189),Apartment,0,None,None
2760,2,2025-07-10T07:55:00.000,AtHome,1,2025-07-10T08:00:00.000,9,AtWork,9,AtWork,Work/Home Commute,2025-07-10T08:00:00.000,2025-07-10T14:00:00.000,0,0,12801.083863929578,13401.083863929578,POINT (486971.8556855318 4422510.6889146175),Workplace,0,None,None
2767,1,2025-07-10T13:30:00.000,AtRestaurant,11,2025-07-10T13:35:00.000,9,AtWork,9,AtWork,Coming Back From Restaurant,2025-07-10T13:35:00.000,2025-07-10T14:35:00.000,0,0,12173.391979102113,12273.391979102113,POINT (486971.8556855318 4422510.6889146175),Workplace,0,None,None
2769,1,2025-07-10T14:35:00.000,AtWork,9,2025-07-10T14:40:00.000,2,AtHome,2,AtHome,Work/Home Commute,2025-07-10T14:40:00.000,2025-07-10T14:45:00.000,0,0,12273.391979102113,12273.391979102113,POINT (487038.28498915996 4420353.145806744),Apartment,0,None,None
2777,0,2025-07-10T13:55:00.000,AtHome,3,2025-07-10T14:00:00.000,10,AtRecreation,10,AtRecreation,Recreation (Social Gathering),2025-07-10T14:00:00.000,2025-07-10T15:25:00.000,0,0,11740.837560004346,11724.308364905477,POINT (486194.0125563806 4421348.554417097),Pub,0,None,None
2779,0,2025-07-10T15:25:00.000,AtRecreation,10,2025-07-10T15:30:00.000,3,AtHome,3,AtHome,Going Back to Home,2025-07-10T15:30:00.000,2025-07-10T15:35:00.000,0,0,11724.308364905477,11724.308364905477,POINT (485547.33905596414 4421526.153604189),Apartment,0,None,None
2790,3,2025-07-10T08:25:00.000,AtRestaurant,11,2025-07-10T08:30:00.000,0,AtHome,0,AtHome,Coming Back From Restaurant,2025-07-10T08:30:00.000,2025-07-10T16:30:00.000,0,0,10515.14887782262,10515.14887782262,POINT (483386.13406596635 4420756.4680047715),Apartment,0,None,None
2794,1,2025-07-10T14:45:00.000,AtHome,2,2025-07-10T14:50:00.000,10,AtRecreation,10,AtRecreation,Recreation (Social Gathering),2025-07-10T14:50:00.000,2025-07-10T16:50:00.000,0,0,12273.391979102113,12250.056644844886,POINT (486194.0125563806 4421348.554417097),Pub,0,None,None
2795,3,2025-07-10T16:30:00.000,AtHome,0,2025-07-10T16:35:00.000,11,AtRestaurant,11,AtRestaurant,Eating,2025-07-10T16:35:00.000,2025-07-10T16:55:00.000,0,0,10515.14887782262,10510.43257348676,POINT (483834.4909161149 4422719.660534676),Restaurant,0,None,None
2796,1,2025-07-10T16:50:00.000,AtRecreation,10,2025-07-10T16:55:00.000,2,AtHome,2,AtHome,Going Back to Home,2025-07-10T16:55:00.000,2025-07-10T17:00:00.000,0,0,12250.056644844886,12250.056644844886,POINT (487038.28498915996 4420353.145806744),Apartment,0,None,None
2802,0,2025-07-10T15:35:00.000,AtHome,3,2025-07-10T15:40:00.000,10,AtRecreation,10,AtRecreation,Recreation (Social Gathering),2025-07-10T15:40:00.000,2025-07-10T17:30:00.000,0,0,11724.308364905477,11702.917641836351,POINT (486194.0125563806 4421348.554417097),Pub,0,None,None
2804,0,2025-07-10T17:30:00.000,AtRecreation,10,2025-07-10T17:35:00.000,3,AtHome,3,AtHome,Going Back to Home,2025-07-10T17:35:00.000,2025-07-10T17:40:00.000,0,0,11702.917641836351,11702.917641836351,POINT (485547.33905596414 4421526.153604189),Apartment,0,None,None
2810,4,2025-07-10T08:25:00.000,AtRestaurant,11,2025-07-10T08:35:00.000,0,AtHome,0,AtHome,Coming Back From Restaurant,2025-07-10T08:35:00.000,2025-07-10T18:10:00.000,0,0,10426.488006964546,10426.488006964546,POINT (483427.58001767774 4420738.353228444),Apartment,0,None,None
2816,4,2025-07-10T18:10:00.000,AtHome,0,2025-07-10T18:20:00.000,11,AtRestaurant,11,AtRestaurant,Eating,2025-07-10T18:20:00.000,2025-07-10T18:40:00.000,0,0,10426.488006964546,10421.771702628686,POINT (483834.4909161149 4422719.660534676),Restaurant,0,None,None
2818,1,2025-07-10T17:00:00.000,AtHome,2,2025-07-10T17:05:00.000,10,AtRecreation,10,AtRecreation,Recreation (Social Gathering),2025-07-10T17:05:00.000,2025-07-10T18:50:00.000,0,0,12250.056644844886,12229.638227369813,POINT (486194.0125563806 4421348.554417097),Pub,0,None,None
2820,1,2025-07-10T18:50:00.000,AtRecreation,10,2025-07-10T18:55:00.000,2,AtHome,2,AtHome,Going Back to Home,2025-07-10T18:55:00.000,2025-07-10T19:00:00.000,0,0,12229.638227369813,12225.638227369813,POINT (487038.28498915996 4420353.145806744),Apartment,0,None,None
2827,0,2025-07-10T17:40:00.000,AtHome,3,2025-07-10T17:45:00.000,10,AtRecreation,10,AtRecreation,Recreation (Social Gathering),2025-07-10T17:45:00.000,2025-07-10T19:35:00.000,0,0,11702.917641836351,11681.526918767226,POINT (486194.0125563806 4421348.554417097),Pub,0,None,None
2829,0,2025-07-10T19:35:00.000,AtRecreation,10,2025-07-10T19:40:00.000,3,AtHome,3,AtHome,Going Back to Home,2025-07-10T19:40:00.000,2025-07-10T19:45:00.000,0,0,11681.526918767226,11677.526918767226,POINT (485547.33905596414 4421526.153604189),Apartment,0,None,None
2841,1,2025-07-10T19:00:00.000,AtHome,2,2025-07-10T19:05:00.000,10,AtRecreation,10,AtRecreation,Recreation (Social Gathering),2025-07-10T19:05:00.000,2025-07-10T20:45:00.000,0,0,12225.638227369813,12206.19211548879,POINT (486194.0125563806 4421348.554417097),Pub,0,None,None
2842,0,2025-07-10T19:45:00.000,AtHome,3,2025-07-10T19:50:00.000,10,AtRecreation,10,AtRecreation,Recreation (Social Gathering),2025-07-10T19:50:00.000,2025-07-10T20:50:00.000,0,0,11677.526918767226,11665.859251638612,POINT (486194.0125563806 4421348.554417097),Pub,0,None,None
2843,1,2025-07-10T20:45:00.000,AtRecreation,10,2025-07-10T20:50:00.000,2,AtHome,2,AtHome,Going Back to Home,2025-07-10T20:50:00.000,2025-07-10T20:55:00.000,0,0,12206.19211548879,12206.19211548879,POINT (487038.28498915996 4420353.145806744),Apartment,0,None,None
2844,0,2025-07-10T20:50:00.000,AtRecreation,10,2025-07-10T20:55:00.000,3,AtHome,3,AtHome,Going Back to Home,2025-07-10T20:55:00.000,2025-07-10T21:00:00.000,0,0,11665.859251638612,11665.859251638612,POINT (485547.33905596414 4421526.153604189),Apartment,0,None,None
2858,1,2025-07-10T20:55:00.000,AtHome,2,2025-07-10T21:00:00.000,10,AtRecreation,10,AtRecreation,Recreation (Social Gathering),2025-07-10T21:00:00.000,2025-07-10T22:10:00.000,0,0,12206.19211548879,12192.579837172074,POINT (486194.0125563806 4421348.554417097),Pub,0,None,None
2860,1,2025-07-10T22:10:00.000,AtRecreation,10,2025-07-10T22:15:00.000,2,AtHome,2,AtHome,Going Back to Home,2025-07-10T22:15:00.000,2025-07-10T22:20:00.000,0,0,12192.579837172074,12192.579837172074,POINT (487038.28498915996 4420353.145806744),Apartment,0,None,None
2861,0,2025-07-10T21:00:00.000,AtHome,3,2025-07-10T21:05:00.000,10,AtRecreation,10,AtRecreation,Recreation (Social Gathering),2025-07-10T21:05:00.000,2025-07-10T22:25:00.000,0,0,11665.859251638612,11650.302362133794,POINT (486194.0125563806 4421348.554417097),Pub,0,None,None
2863,0,2025-07-10T22:25:00.000,AtRecreation,10,2025-07-10T22:30:00.000,3,AtHome,3,AtHome,Going Back to Home,2025-07-10T22:30:00.000,2025-07-10T22:35:00.000,0,0,11650.302362133794,11650.302362133794,POINT (485547.33905596414 4421526.153604189),Apartment,0,None,None
2869,1,2025-07-10T22:20:00.000,AtHome,2,2025-07-10T22:25:00.000,10,AtRecreation,10,AtRecreation,Recreation (Social Gathering),2025-07-10T22:25:00.000,2025-07-10T23:05:00.000,0,0,12192.579837172074,12184.801392419666,POINT (486194.0125563806 4421348.554417097),Pub,0,None,None
2876,0,2025-07-10T22:35:00.000,AtHome,3,2025-07-10T22:40:00.000,10,AtRecreation,10,AtRecreation,Recreation (Social Gathering),2025-07-10T22:40:00.000,2025-07-10T23:40:00.000,0,0,11650.302362133794,11638.634695005181,POINT (486194.0125563806 4421348.554417097),Pub,0,None,None
