Timestep	VariableName	EntityIdx	Value	Notes
0	avgBalance		8814.001469707753	
288	avgBalance		9410.151711722569	
576	avgBalance		10033.291447603213	
864	avgBalance		10617.739901730649	
1152	avgBalance		11214.686628645915	
1440	avgBalance		11106.604129214353	
1728	avgBalance		11073.935226648302	
2016	avgBalance		11695.86634366449	
2304	avgBalance		12286.590643401254	
2592	avgBalance		12935.325165379289	
2880	avgBalance		13538.658055114054	
